Date,Open,High,Low,Close,Adj Close,Volume
2016-04-08,2.56,2.65,2.55,2.63,2.63,108273174.0
2016-04-07,2.74,2.78,2.59,2.59,2.59,198460790.0
2016-04-06,2.68,2.8,2.66,2.73,2.73,171821194.0
2016-04-05,2.63,2.68,2.63,2.68,2.68,110368219.0
2016-04-01,2.54,2.62,2.53,2.6,2.6,111421383.0
2016-03-31,2.5,2.58,2.49,2.56,2.56,149521502.0
2016-03-30,2.44,2.48,2.44,2.47,2.47,64894482.0
2016-03-29,2.42,2.47,2.41,2.44,2.44,78337072.0
2016-03-28,2.47,2.49,2.41,2.43,2.43,97281735.0
2016-03-25,2.35,2.42,2.35,2.42,2.42,61712701.0
2016-03-24,2.38,2.4,2.35,2.37,2.37,84196513.0
2016-03-23,2.39,2.41,2.37,2.4,2.4,82542641.0
2016-03-22,2.41,2.48,2.38,2.41,2.41,157410927.0
2016-03-21,2.36,2.37,2.33,2.36,2.36,113888986.0
2016-03-18,2.3,2.34,2.28,2.34,2.34,106350439.0
2016-03-17,2.27,2.3,2.25,2.3,2.3,78186108.0
2016-03-16,2.23,2.34,2.23,2.27,2.27,103214127.0
2016-03-15,2.23,2.24,2.21,2.23,2.23,43286885.0
2016-03-14,2.19,2.25,2.19,2.24,2.24,79890480.0
2016-03-11,2.14,2.18,2.13,2.18,2.18,49634713.0
2016-03-10,2.18,2.19,2.15,2.16,2.16,48996213.0
2016-03-09,2.18,2.2,2.16,2.18,2.18,51575440.0
2016-03-08,2.23,2.23,2.16,2.22,2.22,68979452.0
2016-03-07,2.18,2.23,2.18,2.23,2.23,64259915.0
2016-03-04,2.23,2.24,2.13,2.18,2.18,94045305.0
2016-03-03,2.24,2.28,2.23,2.24,2.24,88072910.0
2016-03-02,2.16,2.27,2.15,2.26,2.26,102140447.0
2016-03-01,2.16,2.19,2.1,2.18,2.18,79556274.0
2016-02-29,2.27,2.28,2.16,2.16,2.16,95131246.0
2016-02-26,2.3,2.33,2.23,2.27,2.27,129068923.0
2016-02-25,2.46,2.46,2.35,2.35,2.35,111339153.0
2016-02-24,2.45,2.49,2.41,2.47,2.47,98323920.0
2016-02-23,2.45,2.55,2.43,2.47,2.47,144910271.0
2016-02-22,2.41,2.44,2.4,2.43,2.43,101119352.0
2016-02-19,2.4,2.42,2.38,2.4,2.4,71726366.0
2016-02-18,2.44,2.46,2.4,2.42,2.42,91962585.0
2016-02-17,2.44,2.45,2.4,2.43,2.43,90906359.0
2016-02-16,2.38,2.46,2.37,2.45,2.45,94160914.0
2016-02-15,2.33,2.38,2.31,2.37,2.37,60708124.0
2016-02-05,2.41,2.43,2.39,2.43,2.43,63859666.0
2016-02-04,2.38,2.42,2.36,2.39,2.39,68475910.0
2016-02-03,2.37,2.38,2.32,2.37,2.37,53163302.0
2016-02-02,2.36,2.41,2.35,2.39,2.39,63115778.0
2016-02-01,2.49,2.49,2.3,2.36,2.36,90634620.0
2016-01-29,2.27,2.39,2.27,2.38,2.38,101598586.0
2016-01-28,2.35,2.37,2.3,2.33,2.33,159936153.0
2016-01-27,2.27,2.3,2.26,2.26,2.26,89677989.0
2016-01-26,2.47,2.48,2.38,2.38,2.38,97054793.0
2016-01-25,2.47,2.55,2.44,2.51,2.51,100379245.0
2016-01-22,2.48,2.54,2.44,2.44,2.44,170831501.0
2016-01-21,2.57,2.65,2.57,2.57,2.57,261078339.0
2016-01-20,2.71,2.71,2.71,2.71,2.71,13815000.0
2016-01-19,2.85,2.85,2.85,2.85,2.85,14003800.0
2015-12-21,3.02,3.02,2.98,3.0,3.0,103956944.0
2015-12-18,2.97,3.05,2.95,3.02,3.02,167625456.0
2015-12-17,2.94,2.99,2.92,2.97,2.97,124412744.0
2015-12-16,2.88,3.0,2.86,2.95,2.95,146706720.0
2015-12-15,2.88,2.91,2.85,2.87,2.87,82225056.0
2015-12-14,2.84,2.89,2.8,2.88,2.88,86236656.0
2015-12-11,2.81,2.87,2.76,2.85,2.85,165954784.0
2015-12-10,2.93,2.98,2.87,2.9,2.9,107454616.0
2015-12-09,2.98,3.01,2.9,2.94,2.94,123147505.0
2015-12-08,3.09,3.1,3.0,3.0,3.0,111000120.0
2015-12-07,3.05,3.12,3.04,3.09,3.09,118703102.0
2015-12-04,3.03,3.12,3.02,3.05,3.05,123033856.0
2015-12-03,3.05,3.07,3.02,3.05,3.05,86942615.0
2015-12-02,3.0,3.09,2.97,3.04,3.04,96751312.0
2015-12-01,2.99,3.03,2.95,3.0,3.0,95971103.0
2015-11-30,3.01,3.04,2.85,2.95,2.95,162219776.0
2015-11-27,3.04,3.2,2.94,3.0,3.0,214417168.0
2015-11-26,3.11,3.11,3.03,3.05,3.05,114306608.0
2015-11-25,3.09,3.12,3.07,3.09,3.09,103713192.0
2015-11-24,3.1,3.11,3.05,3.08,3.08,110654152.0
2015-11-23,3.17,3.2,3.09,3.1,3.1,161549904.0
2015-11-20,3.18,3.29,3.16,3.21,3.21,130331072.0
2015-11-19,3.19,3.23,3.11,3.18,3.18,141057824.0
2015-11-18,3.31,3.34,3.14,3.2,3.2,169873232.0
2015-11-17,3.32,3.42,3.26,3.29,3.29,252240352.0
2015-11-16,3.05,3.27,3.02,3.27,3.27,205703248.0
2015-11-13,3.07,3.22,3.05,3.11,3.11,246036224.0
2015-11-12,3.13,3.13,3.03,3.13,3.13,361668064.0
2015-11-11,2.85,2.98,2.83,2.98,2.98,95854640.0
2015-11-10,2.78,2.87,2.76,2.84,2.84,147962384.0
2015-11-09,2.78,2.8,2.73,2.79,2.79,157284560.0
2015-11-06,2.74,2.83,2.74,2.8,2.8,145508688.0
2015-11-05,2.75,2.78,2.71,2.74,2.74,167787424.0
2015-11-04,2.69,2.76,2.69,2.76,2.76,106076472.0
2015-11-03,2.71,2.74,2.63,2.67,2.67,108776568.0
2015-11-02,2.75,2.92,2.71,2.72,2.72,200871696.0
2015-10-30,2.8,2.82,2.73,2.81,2.81,96716032.0
2015-10-29,2.75,2.84,2.74,2.8,2.8,114191880.0
2015-10-28,2.64,2.81,2.63,2.77,2.77,206227792.0
2015-10-27,2.67,2.69,2.57,2.68,2.68,106082344.0
2015-10-26,2.7,2.7,2.64,2.69,2.69,117882192.0
2015-10-23,2.68,2.68,2.6,2.68,2.68,127546280.0
2015-10-22,2.52,2.6,2.51,2.59,2.59,138334112.0
2015-10-21,2.7,2.72,2.57,2.57,2.57,157194720.0
2015-10-20,2.65,2.75,2.63,2.71,2.71,111262960.0
2015-10-19,2.7,2.74,2.61,2.66,2.66,183110768.0
2015-10-16,2.8,2.8,2.65,2.74,2.74,351728096.0
2015-10-15,2.67,2.67,2.67,2.67,2.67,22078516.0
2015-10-14,2.54,2.54,2.54,2.54,2.54,27314630.0
2015-10-13,2.39,2.44,2.36,2.42,2.42,181258400.0
2015-10-12,2.26,2.37,2.25,2.37,2.37,189235760.0
2015-10-09,2.25,2.27,2.23,2.26,2.26,108182704.0
2015-10-08,2.28,2.3,2.22,2.27,2.27,199722336.0
2015-09-30,2.21,2.26,2.21,2.24,2.24,339889280.0
2015-09-15,2.33,2.33,2.33,2.33,2.33,18153400.0
2015-09-14,2.45,2.5,2.45,2.45,2.45,100167720.0
2015-09-11,2.55,2.6,2.53,2.58,2.58,55578920.0
2015-09-10,2.57,2.63,2.55,2.56,2.56,67022808.0
2015-09-09,2.54,2.62,2.52,2.61,2.61,92317024.0
2015-09-08,2.43,2.55,2.4,2.54,2.54,65853448.0
2015-09-07,2.4,2.49,2.4,2.44,2.44,73076912.0
2015-09-02,2.39,2.51,2.37,2.37,2.37,88226064.0
2015-09-01,2.6,2.6,2.49,2.49,2.49,90322496.0
2015-08-31,2.71,2.72,2.62,2.62,2.62,99411432.0
2015-08-28,2.61,2.72,2.58,2.72,2.72,119994664.0
2015-08-27,2.58,2.65,2.43,2.59,2.59,115882992.0
2015-08-26,2.61,2.73,2.56,2.56,2.56,156777520.0
2015-08-25,2.69,2.69,2.69,2.69,2.69,24725400.0
2015-08-24,2.84,2.88,2.83,2.83,2.83,59927600.0
2015-08-21,3.07,3.1,2.96,2.98,2.98,105987328.0
2015-08-20,3.18,3.23,3.09,3.1,3.1,104019136.0
2015-08-19,3.09,3.28,3.07,3.24,3.24,178299936.0
2015-08-18,3.46,3.54,3.23,3.23,3.23,227533424.0
2015-08-17,3.22,3.4,3.17,3.4,3.4,164593216.0
2015-08-14,3.3,3.32,3.19,3.24,3.24,138354736.0
2015-08-13,3.1,3.29,3.08,3.26,3.26,189332144.0
2015-08-12,3.0,3.17,2.97,3.13,3.13,92263016.0
2015-08-11,3.04,3.05,2.98,3.02,3.02,119769248.0
2015-08-10,2.91,3.03,2.9,3.03,3.03,131359728.0
2015-08-07,2.83,2.9,2.81,2.89,2.89,83560704.0
2015-08-06,2.76,2.84,2.72,2.8,2.8,69691992.0
2015-08-05,2.9,2.92,2.81,2.84,2.84,97394536.0
2015-08-04,2.78,2.89,2.75,2.89,2.89,110637384.0
2015-08-03,2.86,2.86,2.75,2.75,2.75,108189040.0
2015-07-31,2.88,2.96,2.85,2.89,2.89,103367552.0
2015-07-30,3.04,3.08,2.94,2.95,2.95,130855296.0
2015-07-29,3.04,3.09,2.89,3.09,3.09,157075664.0
2015-07-28,3.03,3.1,3.03,3.03,3.03,158590688.0
2015-07-27,3.25,3.41,3.19,3.19,3.19,199636304.0
2015-07-24,3.23,3.36,3.21,3.36,3.36,310598688.0
2015-07-23,3.08,3.2,3.03,3.2,3.2,178799680.0
2015-07-22,3.05,3.09,3.0,3.05,3.05,122325840.0
2015-07-21,3.05,3.09,3.0,3.07,3.07,114633432.0
2015-07-20,3.04,3.17,3.02,3.1,3.1,160012960.0
2015-07-17,2.91,3.02,2.9,3.02,3.02,139969360.0
2015-07-16,2.86,2.98,2.86,2.88,2.88,183677552.0
2015-07-15,3.03,3.07,3.01,3.01,3.01,118473040.0
2015-07-14,3.28,3.34,3.17,3.17,3.17,275139616.0
2015-07-13,3.25,3.39,3.18,3.34,3.34,317596384.0
2015-07-10,3.11,3.38,3.08,3.31,3.31,420891968.0
2015-07-09,3.06,3.37,3.06,3.24,3.24,476801664.0
2015-07-07,3.22,3.22,3.22,3.22,3.22,5463600.0
2015-07-06,3.71,3.71,3.39,3.39,3.39,105712464.0
2015-07-03,3.57,3.64,3.57,3.57,3.57,65959000.0
2015-07-02,3.84,3.93,3.76,3.76,3.76,110988616.0
2015-07-01,4.25,4.36,3.96,3.96,3.96,154866848.0
2015-06-30,4.04,4.26,4.02,4.17,4.17,166260720.0
2015-06-29,4.51,4.54,4.23,4.23,4.23,108416384.0
2015-06-26,4.48,4.55,4.45,4.45,4.45,106471368.0
2015-06-25,4.9,4.95,4.66,4.68,4.68,154211968.0
2015-06-24,4.8,4.9,4.73,4.9,4.9,174654880.0
2015-06-23,4.68,4.85,4.62,4.67,4.67,130186848.0
2015-06-19,4.97,4.97,4.86,4.86,4.86,102954720.0
2015-06-18,5.38,5.4,5.12,5.12,5.12,127597280.0
2015-06-17,5.34,5.48,5.18,5.39,5.39,172123024.0
2015-06-16,5.65,5.71,5.45,5.45,5.45,188756144.0
2015-06-15,5.69,5.85,5.6,5.74,5.74,241857376.0
2015-06-12,5.38,5.65,5.37,5.65,5.65,288435936.0
2015-06-11,5.78,5.78,5.24,5.38,5.38,328345696.0
2015-06-10,5.5,5.5,5.5,5.5,5.5,17221416.0
2015-06-09,5.24,5.24,5.24,5.24,5.24,15167655.0
2015-06-08,4.91,4.99,4.91,4.99,4.99,42411136.0
2015-06-05,4.73,4.86,4.63,4.75,4.75,240670080.0
2015-06-04,4.68,4.79,4.66,4.66,4.66,147884896.0
2015-06-03,5.05,5.05,4.81,4.9,4.9,190483568.0
2015-06-02,5.1,5.21,4.95,5.06,5.06,189734496.0
2015-06-01,5.02,5.19,4.97,5.07,5.07,275269408.0
2015-05-29,5.23,5.44,5.23,5.23,5.23,253497312.0
2015-05-28,5.4,5.5,5.3,5.5,5.5,165088768.0
2015-05-27,5.23,5.24,5.1,5.24,5.24,76517424.0
2015-05-26,4.99,4.99,4.99,4.99,4.99,8784468.0
2015-05-25,4.65,4.76,4.53,4.76,4.76,35881312.0
2015-05-22,4.53,4.53,4.53,4.53,4.53,14629695.0
2015-05-21,4.34,4.42,4.23,4.31,4.31,54235416.0
2015-05-20,4.35,4.53,4.32,4.35,4.35,47725600.0
2015-05-19,4.36,4.39,4.27,4.33,4.33,44054216.0
2015-05-18,4.51,4.51,4.19,4.3,4.3,92368344.0
2015-05-15,4.3,4.3,4.3,4.3,4.3,2405791.0
2015-05-14,4.1,4.1,4.1,4.1,4.1,1797868.0
2015-05-11,3.78,3.9,3.73,3.9,3.9,49799940.0
2015-05-08,3.67,3.72,3.61,3.71,3.71,38602492.0
2015-05-07,3.79,3.84,3.6,3.61,3.61,46434432.0
2015-05-06,3.73,3.91,3.73,3.79,3.79,46058800.0
2015-05-05,3.84,3.92,3.71,3.73,3.73,49894672.0
2015-05-04,3.99,3.99,3.84,3.88,3.88,82696968.0
2015-04-30,3.8,3.8,3.8,3.8,3.8,4886035.0
2015-04-29,3.5,3.62,3.45,3.62,3.62,39834204.0
2015-04-28,3.62,3.66,3.45,3.45,3.45,93048600.0
2015-04-27,3.61,3.85,3.61,3.63,3.63,137023248.0
2015-04-24,3.78,3.78,3.78,3.78,3.78,38140700.0
2015-04-22,3.87,4.02,3.84,3.98,3.98,117135960.0
2015-04-21,3.77,4.02,3.67,3.92,3.92,141703200.0
2015-04-20,4.1,4.23,3.88,3.91,3.91,166545488.0
2015-04-17,4.27,4.52,4.09,4.31,4.31,167472688.0
2015-04-16,4.07,4.38,3.9,4.19,4.19,162454544.0
2015-04-15,4.83,4.93,4.32,4.32,4.32,261799392.0
2015-04-14,4.8,4.8,4.47,4.8,4.8,181687072.0
2015-04-08,4.17,4.36,4.07,4.36,4.36,236457216.0
2015-04-07,3.61,3.97,3.6,3.97,3.97,217400368.0
2015-04-03,3.24,3.61,3.23,3.61,3.61,210797920.0
2015-04-02,3.3,3.39,3.22,3.28,3.28,141475056.0
2015-04-01,3.27,3.45,3.14,3.33,3.33,246849440.0
2015-03-31,2.93,3.2,2.9,3.2,3.2,136337440.0
2015-03-30,2.93,2.99,2.74,2.91,2.91,154511072.0
2015-03-20,2.93,2.95,2.87,2.89,2.89,162494496.0
2015-03-19,3.0,3.08,2.94,2.99,2.99,114441048.0
2015-03-18,2.94,3.05,2.94,3.0,3.0,126163336.0
2015-03-17,2.91,2.95,2.87,2.92,2.92,103991864.0
2015-03-16,2.87,2.92,2.86,2.91,2.91,89513776.0
2015-03-13,2.86,2.9,2.84,2.87,2.87,61706648.0
2015-03-12,2.87,2.91,2.8,2.87,2.87,108491640.0
2015-03-11,2.89,2.98,2.82,2.92,2.92,202160720.0
2015-03-10,2.62,2.89,2.61,2.89,2.89,212015760.0
2015-03-09,2.63,2.64,2.58,2.62,2.62,48559736.0
2015-03-06,2.68,2.69,2.63,2.65,2.65,60833504.0
2015-03-05,2.68,2.69,2.62,2.68,2.68,79371840.0
2015-03-04,2.69,2.69,2.65,2.68,2.68,73807016.0
2015-03-03,2.68,2.74,2.61,2.69,2.69,132134096.0
2015-03-02,2.58,2.68,2.55,2.68,2.68,137191584.0
2015-02-27,2.52,2.6,2.5,2.57,2.57,150421024.0
2015-02-26,2.53,2.53,2.46,2.52,2.52,86975272.0
2015-02-25,2.53,2.55,2.49,2.53,2.53,84707304.0
2015-02-17,2.53,2.55,2.5,2.5,2.5,142231696.0
2015-02-16,2.49,2.63,2.49,2.57,2.57,243463728.0
2015-01-30,2.82,2.84,2.76,2.76,2.76,86465200.0
2015-01-29,2.9,2.94,2.82,2.83,2.83,145684880.0
2015-01-28,2.97,2.98,2.86,2.88,2.88,189003536.0
2015-01-27,3.26,3.31,2.99,3.03,3.03,221325504.0
2015-01-26,3.4,3.48,3.3,3.32,3.32,230236752.0
2015-01-23,3.44,3.44,3.27,3.44,3.44,265276272.0
2015-01-22,3.07,3.26,3.06,3.12,3.12,83501120.0
2015-01-21,2.89,3.17,2.87,3.1,3.1,99132536.0
2015-01-20,2.87,2.95,2.8,2.92,2.92,59367376.0
2015-01-19,2.71,2.97,2.69,2.84,2.84,75251040.0
2015-01-16,2.66,2.83,2.59,2.81,2.81,83721384.0
2015-01-15,2.55,2.67,2.53,2.63,2.63,39249888.0
2015-01-14,2.42,2.65,2.42,2.57,2.57,58271064.0
2015-01-13,2.47,2.49,2.41,2.41,2.41,32364222.0
2015-01-12,2.41,2.51,2.39,2.48,2.48,26092304.0
2015-01-09,2.4,2.46,2.38,2.41,2.41,20992742.0
2015-01-08,2.4,2.43,2.36,2.4,2.4,16084757.0
2015-01-07,2.37,2.44,2.37,2.41,2.41,22238508.0
2015-01-06,2.33,2.39,2.3,2.38,2.38,25990156.0
2015-01-05,2.3,2.36,2.26,2.33,2.33,28775940.0
2014-12-31,2.24,2.31,2.23,2.3,2.3,22383548.0
2014-12-30,2.33,2.35,2.23,2.27,2.27,27754780.0
2014-12-29,2.37,2.38,2.29,2.35,2.35,36811176.0
2014-12-26,2.44,2.47,2.36,2.37,2.37,36966648.0
2014-12-25,2.49,2.49,2.4,2.43,2.43,21635260.0
2014-12-24,2.38,2.47,2.35,2.47,2.47,13032741.0
2014-12-23,2.38,2.39,2.29,2.37,2.37,12179379.0
2014-12-22,2.53,2.53,2.31,2.4,2.4,31186740.0
2014-12-19,2.6,2.61,2.51,2.57,2.57,12088167.0
2014-12-18,2.64,2.68,2.61,2.61,2.61,15077854.0
2014-12-17,2.73,2.73,2.63,2.68,2.68,26907158.0
2014-12-16,2.79,2.8,2.68,2.75,2.75,26345364.0
2014-12-15,2.74,2.78,2.68,2.78,2.78,13107849.0
2014-12-12,2.74,2.77,2.72,2.74,2.74,9470676.0
2014-12-11,2.62,2.76,2.6,2.75,2.75,16911572.0
2014-12-10,2.54,2.63,2.51,2.63,2.63,10650526.0
2014-12-09,2.71,2.71,2.53,2.54,2.54,23174114.0
2014-12-08,2.73,2.75,2.67,2.71,2.71,13728825.0
2014-12-05,2.84,2.85,2.72,2.75,2.75,18407174.0
2014-12-04,2.77,2.84,2.76,2.84,2.84,20081774.0
2014-12-03,2.79,2.79,2.7,2.77,2.77,18028546.0
2014-12-02,2.76,2.81,2.76,2.79,2.79,12873592.0
2014-12-01,2.87,2.88,2.76,2.78,2.78,14895481.0
2014-11-28,2.95,2.96,2.81,2.87,2.87,21921676.0
2014-11-27,2.97,3.01,2.91,2.94,2.94,16496467.0
2014-11-26,2.9,2.99,2.9,2.97,2.97,17226366.0
2014-11-25,2.88,2.92,2.87,2.9,2.9,9341004.0
2014-11-24,2.84,2.88,2.84,2.88,2.88,12968961.0
2014-11-21,2.82,2.87,2.8,2.84,2.84,6159149.0
2014-11-20,2.82,2.86,2.8,2.82,2.82,4850254.0
2014-11-19,2.83,2.88,2.8,2.85,2.85,6212411.0
2014-11-18,2.79,2.86,2.74,2.83,2.83,8663139.0
2014-11-17,2.77,2.83,2.71,2.79,2.79,8262096.0
2014-11-14,2.89,2.89,2.7,2.75,2.75,27099752.0
2014-11-13,3.05,3.06,2.83,2.91,2.91,10289729.0
2014-11-12,3.02,3.05,2.93,3.03,3.03,14199090.0
2014-11-11,3.0,3.21,2.95,3.04,3.04,43455704.0
2014-10-20,2.88,2.96,2.88,2.95,2.95,21108444.0
2014-10-17,2.94,2.94,2.77,2.86,2.86,20879396.0
2014-10-16,3.05,3.05,2.93,2.94,2.94,18730588.0
2014-10-15,3.09,3.11,3.04,3.06,3.06,5359084.0
2014-10-14,3.12,3.14,3.08,3.09,3.09,6354700.0
2014-10-13,3.1,3.1,3.06,3.08,3.08,7783969.0
2014-10-10,3.16,3.16,3.08,3.12,3.12,12571255.0
2014-10-09,3.18,3.18,3.1,3.17,3.17,10854726.0
2014-10-08,3.16,3.17,3.11,3.17,3.17,7766880.0
2014-09-30,3.18,3.21,3.14,3.16,3.16,6404226.0
2014-09-29,3.13,3.19,3.11,3.18,3.18,8322074.0
2014-09-26,3.13,3.17,3.12,3.13,3.13,4537734.0
2014-09-25,3.12,3.18,3.11,3.12,3.12,9793335.0
2014-09-24,3.08,3.14,3.07,3.13,3.13,8465213.0
2014-09-23,3.05,3.13,3.05,3.1,3.1,6438967.0
2014-09-22,3.19,3.21,3.07,3.07,3.07,10148234.0
2014-09-19,3.21,3.22,3.12,3.19,3.19,9711883.0
2014-09-18,3.2,3.29,3.2,3.21,3.21,11513159.0
2014-09-17,3.17,3.19,3.09,3.17,3.17,8977768.0
2014-09-16,3.39,3.4,3.14,3.16,3.16,23462514.0
2014-09-15,3.33,3.41,3.32,3.38,3.38,16175398.0
2014-09-12,3.33,3.33,3.28,3.32,3.32,14117951.0
2014-09-11,3.15,3.36,3.14,3.34,3.34,36640716.0
2014-09-10,3.21,3.21,3.13,3.17,3.17,12667535.0
2014-09-09,3.28,3.31,3.2,3.24,3.24,14342297.0
2014-09-05,3.33,3.46,3.23,3.25,3.25,38587216.0
2014-09-04,3.24,3.29,3.17,3.19,3.19,14023458.0
2014-09-03,3.17,3.29,3.16,3.23,3.23,18734060.0
2014-09-02,3.16,3.19,3.11,3.18,3.18,13255416.0
2014-09-01,3.11,3.18,3.08,3.16,3.16,8710357.0
2014-08-29,3.06,3.16,3.04,3.16,3.16,12961102.0
2014-08-28,3.17,3.18,2.93,3.15,3.15,21650238.0
2014-08-27,3.21,3.33,3.01,3.17,3.17,23737038.0
2014-08-26,3.33,3.5,3.23,3.26,3.26,23192996.0
2014-08-25,3.19,3.22,3.17,3.2,3.2,8149376.0
2014-08-22,3.18,3.19,3.15,3.18,3.18,5308426.0
2014-08-21,3.17,3.18,3.12,3.17,3.17,7525189.0
2014-08-20,3.17,3.18,3.12,3.17,3.17,7577922.0
2014-08-19,3.21,3.22,3.11,3.17,3.17,9316324.0
2014-08-18,3.19,3.24,3.14,3.21,3.21,7421808.0
2014-08-15,3.16,3.23,3.12,3.19,3.19,6583052.0
2014-08-14,3.15,3.18,3.12,3.16,3.16,6911833.0
2014-08-13,3.13,3.17,3.09,3.13,3.13,10110408.0
2014-08-12,3.13,3.14,3.04,3.13,3.13,7692338.0
2014-08-11,3.08,3.14,3.06,3.1,3.1,6165022.0
2014-08-08,3.11,3.13,3.03,3.08,3.08,6488131.0
2014-08-07,3.03,3.12,3.02,3.11,3.11,13810714.0
2014-08-06,2.95,3.06,2.95,3.03,3.03,8729191.0
2014-08-05,2.98,2.98,2.89,2.94,2.94,3819702.0
2014-08-04,2.91,3.0,2.91,2.97,2.97,6414468.0
2014-08-01,2.94,2.94,2.87,2.93,2.93,7057273.0
2014-07-31,2.99,3.05,2.89,2.93,2.93,11837237.0
2014-07-30,2.84,3.0,2.82,2.96,2.96,15974783.0
2014-07-29,2.73,2.84,2.7,2.84,2.84,11562952.0
2014-07-28,2.67,2.73,2.67,2.73,2.73,6348841.0
2014-07-25,2.65,2.74,2.65,2.67,2.67,4643320.0
2014-07-24,2.64,2.65,2.57,2.64,2.64,3540025.0
2014-07-23,2.73,2.73,2.63,2.64,2.64,2776396.0
2014-07-22,2.65,2.7,2.63,2.68,2.68,4229497.0
2014-07-21,2.64,2.66,2.62,2.65,2.65,3109341.0
2014-07-18,2.63,2.67,2.6,2.65,2.65,3903948.0
2014-07-17,2.68,2.7,2.61,2.63,2.63,5070342.0
2014-07-16,2.79,2.8,2.67,2.69,2.69,6789374.0
2014-07-15,2.78,2.81,2.73,2.78,2.78,4082655.0
2014-07-14,2.78,2.81,2.74,2.79,2.79,4324036.0
2014-07-11,2.72,2.82,2.7,2.76,2.76,4446418.0
2014-07-10,2.7,2.75,2.69,2.71,2.71,4773636.0
2014-07-09,2.73,2.77,2.7,2.7,2.7,6430718.0
2014-07-08,2.71,2.78,2.7,2.73,2.73,5218045.0
2014-07-07,2.71,2.85,2.71,2.73,2.73,9354602.0
2014-07-04,2.78,2.79,2.7,2.7,2.7,4745671.0
2014-07-03,2.76,2.84,2.71,2.78,2.78,7617240.0
2014-07-02,2.79,2.8,2.73,2.79,2.79,7497091.0
2014-07-01,2.69,2.84,2.66,2.78,2.78,15967343.0
2014-06-30,2.69,2.69,2.57,2.66,2.66,12766132.0
2014-06-27,2.55,2.62,2.53,2.61,2.61,12742520.0
2014-06-26,2.49,2.69,2.49,2.57,2.57,20426760.0
2014-06-25,2.46,2.48,2.41,2.45,2.45,5342061.0
2014-06-24,2.45,2.48,2.43,2.46,2.46,5230257.0
2014-06-23,2.41,2.5,2.4,2.45,2.45,7864840.0
2014-06-20,2.39,2.41,2.34,2.4,2.4,3915951.0
2014-06-19,2.4,2.43,2.36,2.37,2.37,5635438.0
2014-06-18,2.45,2.48,2.39,2.39,2.39,6859633.0
2014-06-17,2.47,2.54,2.42,2.45,2.45,10582405.0
2014-06-16,2.5,2.6,2.48,2.53,2.53,18930684.0
2014-06-12,2.38,2.46,2.35,2.45,2.45,5969546.0
2014-06-11,2.61,2.68,2.6,2.66,2.66,7519108.0
2014-06-10,2.6,2.62,2.57,2.61,2.61,3263215.0
2014-06-09,2.57,2.61,2.56,2.6,2.6,3709804.0
2014-06-06,2.54,2.62,2.52,2.6,2.6,9181259.0
2014-06-05,2.44,2.5,2.4,2.49,2.49,5599612.0
2014-06-04,2.45,2.46,2.42,2.46,2.46,3236789.0
2014-06-03,2.42,2.47,2.42,2.43,2.43,2523358.0
2014-05-30,2.46,2.49,2.4,2.46,2.46,3294503.0
2014-05-29,2.46,2.49,2.44,2.45,2.45,4485681.0
2014-05-28,2.42,2.47,2.39,2.47,2.47,5342000.0
2014-05-27,2.44,2.46,2.42,2.43,2.43,3116594.0
2014-05-26,2.42,2.46,2.38,2.45,2.45,4749136.0
2014-05-23,2.39,2.41,2.37,2.4,2.4,2937292.0
2014-05-22,2.4,2.46,2.38,2.39,2.39,7460684.0
2014-05-21,2.31,2.35,2.31,2.35,2.35,2163024.0
2014-05-20,2.34,2.37,2.31,2.32,2.32,2212035.0
2014-05-19,2.33,2.34,2.3,2.32,2.32,1691543.0
2014-05-16,2.33,2.36,2.31,2.33,2.33,2041119.0
2014-05-15,2.39,2.39,2.33,2.34,2.34,2524692.0
2014-05-14,2.39,2.48,2.37,2.41,2.41,4714389.0
2014-05-13,2.39,2.42,2.37,2.39,2.39,2284693.0
2014-05-12,2.34,2.41,2.34,2.41,2.41,3223076.0
2014-05-09,2.4,2.41,2.32,2.33,2.33,3348097.0
2014-05-08,2.29,2.43,2.26,2.41,2.41,8425673.0
2014-05-07,2.37,2.38,2.29,2.29,2.29,3763069.0
2014-05-06,2.35,2.39,2.34,2.37,2.37,4107948.0
2014-05-05,2.37,2.37,2.31,2.35,2.35,4274417.0
2014-04-30,2.37,2.44,2.31,2.37,2.37,7562126.0
2014-04-29,2.45,2.51,2.44,2.48,2.48,4579951.0
2014-04-28,2.5,2.53,2.42,2.43,2.43,4505058.0
2014-04-25,2.47,2.53,2.43,2.53,2.53,5515162.0
2014-04-24,2.52,2.58,2.52,2.54,2.54,4564512.0
2014-04-23,2.56,2.57,2.51,2.51,2.51,4387150.0
2014-04-22,2.64,2.65,2.51,2.56,2.56,7997831.0
2014-04-21,2.71,2.73,2.63,2.64,2.64,6417338.0
2014-04-18,2.73,2.74,2.69,2.73,2.73,4511711.0
2014-04-17,2.71,2.75,2.68,2.75,2.75,5257493.0
2014-04-16,2.75,2.76,2.67,2.69,2.69,5025378.0
2014-04-15,2.72,2.8,2.7,2.74,2.74,7111919.0
2014-04-14,2.72,2.75,2.68,2.73,2.73,4668349.0
2014-04-11,2.69,2.74,2.66,2.73,2.73,7186074.0
2014-04-10,2.76,2.78,2.7,2.71,2.71,8437448.0
2014-04-09,2.72,2.81,2.69,2.77,2.77,11865396.0
2014-04-08,2.69,2.74,2.68,2.71,2.71,10576612.0
2014-04-04,2.75,2.76,2.65,2.74,2.74,17374528.0
2014-04-03,2.49,2.74,2.49,2.72,2.72,26633956.0
2014-04-02,2.52,2.54,2.48,2.49,2.49,6182617.0
2014-04-01,2.45,2.51,2.44,2.49,2.49,4644915.0
2014-03-31,2.5,2.52,2.42,2.44,2.44,4714656.0
2014-03-28,2.62,2.66,2.46,2.49,2.49,10828196.0
2014-03-27,2.67,2.74,2.62,2.62,2.62,13029832.0
2014-03-26,2.59,2.67,2.59,2.65,2.65,9911699.0
2014-03-25,2.57,2.61,2.55,2.59,2.59,5876041.0
2014-03-24,2.66,2.69,2.56,2.59,2.59,11844245.0
2014-03-21,2.6,2.66,2.52,2.65,2.65,6236652.0
2014-03-20,2.77,2.77,2.6,2.61,2.61,11105379.0
2014-03-19,2.81,2.81,2.69,2.75,2.75,9183587.0
2014-03-18,2.8,2.85,2.78,2.8,2.8,9913203.0
2014-03-17,2.79,2.81,2.75,2.79,2.79,7376314.0
2014-03-14,2.84,2.84,2.76,2.8,2.8,5898980.0
2014-03-13,2.79,2.8,2.74,2.79,2.79,4981577.0
2014-03-12,2.72,2.79,2.7,2.76,2.76,5019117.0
2014-03-11,2.76,2.81,2.71,2.72,2.72,4794414.0
2014-03-10,2.89,2.95,2.76,2.79,2.79,9703427.0
2014-03-07,2.97,3.03,2.93,2.94,2.94,8109066.0
2014-03-06,3.06,3.06,2.94,2.96,2.96,12750215.0
2014-03-05,3.22,3.3,3.08,3.1,3.1,10524551.0
2014-03-04,3.16,3.25,3.12,3.18,3.18,8298716.0
2014-03-03,3.0,3.24,3.0,3.19,3.19,15043448.0
2014-02-28,2.98,3.01,2.9,3.01,3.01,6959832.0
2014-02-27,3.03,3.16,2.97,2.98,2.98,14237472.0
2014-02-26,2.93,3.04,2.88,3.03,3.03,14615094.0
2014-02-25,3.11,3.15,2.89,2.96,2.96,15694688.0
2014-02-24,3.17,3.17,2.96,3.09,3.09,13396346.0
2014-02-21,3.17,3.31,3.07,3.14,3.14,12499388.0
2014-02-20,3.23,3.34,3.14,3.19,3.19,16329535.0
2014-02-19,3.16,3.26,3.08,3.25,3.25,18633744.0
2014-02-18,3.12,3.19,3.08,3.16,3.16,25102060.0
2014-02-17,2.76,3.03,2.72,3.03,3.03,26333416.0
2014-02-14,2.74,2.87,2.72,2.75,2.75,9242615.0
2014-02-13,2.77,2.8,2.71,2.72,2.72,11091820.0
2014-02-12,2.71,2.82,2.7,2.81,2.81,12251062.0
2014-02-11,2.76,2.8,2.69,2.71,2.71,7580177.0
2014-02-10,2.7,2.77,2.69,2.75,2.75,8095191.0
2014-02-07,2.53,2.71,2.52,2.68,2.68,6722623.0
2014-01-30,2.63,2.64,2.59,2.59,2.59,4023216.0
2014-01-29,2.64,2.64,2.57,2.63,2.63,6805745.0
2014-01-28,2.63,2.69,2.62,2.65,2.65,7141477.0
2014-01-27,2.7,2.7,2.61,2.64,2.64,10192397.0
2014-01-24,2.74,2.76,2.69,2.75,2.75,12132449.0
2014-01-23,2.66,2.81,2.66,2.76,2.76,20151760.0
2014-01-22,2.59,2.68,2.56,2.66,2.66,13641142.0
2014-01-21,2.57,2.61,2.55,2.58,2.58,7783245.0
2014-01-20,2.54,2.63,2.53,2.57,2.57,8894471.0
2014-01-17,2.52,2.58,2.49,2.54,2.54,5169021.0
2014-01-16,2.52,2.62,2.5,2.53,2.53,7134177.0
2014-01-15,2.45,2.53,2.45,2.53,2.53,5626746.0
2014-01-14,2.4,2.45,2.35,2.45,2.45,4465554.0
2014-01-13,2.51,2.51,2.39,2.4,2.4,3897608.0
2014-01-10,2.47,2.51,2.44,2.5,2.5,5447340.0
2014-01-09,2.55,2.61,2.46,2.48,2.48,7481915.0
2014-01-08,2.59,2.64,2.54,2.55,2.55,6069541.0
2014-01-07,2.56,2.64,2.54,2.6,2.6,8426711.0
2014-01-06,2.52,2.6,2.46,2.59,2.59,8253790.0
2014-01-03,2.55,2.65,2.54,2.55,2.55,10242449.0
2014-01-02,2.48,2.52,2.43,2.51,2.51,7564419.0
2013-12-31,2.46,2.56,2.46,2.51,2.51,10863933.0
2013-12-30,2.46,2.5,2.45,2.47,2.47,6026405.0
2013-12-27,2.31,2.53,2.31,2.47,2.47,14496557.0
2013-12-26,2.37,2.37,2.3,2.3,2.3,3555577.0
2013-12-25,2.34,2.38,2.32,2.37,2.37,2826021.0
2013-12-24,2.32,2.36,2.3,2.32,2.32,2547208.0
2013-12-23,2.33,2.34,2.26,2.29,2.29,2987283.0
2013-12-20,2.36,2.39,2.32,2.33,2.33,3871440.0
2013-12-19,2.41,2.43,2.36,2.36,2.36,2930410.0
2013-12-18,2.37,2.42,2.37,2.41,2.41,2684373.0
2013-12-17,2.36,2.45,2.35,2.4,2.4,5875446.0
2013-12-16,2.44,2.45,2.35,2.35,2.35,4569384.0
2013-12-13,2.4,2.44,2.38,2.43,2.43,3606399.0
2013-12-12,2.39,2.44,2.39,2.41,2.41,3519510.0
2013-12-11,2.51,2.51,2.39,2.41,2.41,7665443.0
2013-12-10,2.51,2.55,2.49,2.5,2.5,4978675.0
2013-12-09,2.51,2.52,2.48,2.49,2.49,4648364.0
2013-12-06,2.53,2.56,2.45,2.51,2.51,6516440.0
2013-12-05,2.45,2.52,2.44,2.51,2.51,6244875.0
2013-12-04,2.47,2.53,2.45,2.46,2.46,8055725.0
2013-12-03,2.41,2.48,2.4,2.47,2.47,5510234.0
2013-12-02,2.55,2.55,2.4,2.41,2.41,13084198.0
2013-11-29,2.63,2.67,2.6,2.61,2.61,8735951.0
2013-11-28,2.65,2.68,2.62,2.65,2.65,11455327.0
2013-11-27,2.64,2.7,2.62,2.66,2.66,11639688.0
2013-11-26,2.56,2.68,2.52,2.67,2.67,15393247.0
2013-11-25,2.63,2.63,2.55,2.6,2.6,14314308.0
2013-11-22,2.65,2.71,2.62,2.65,2.65,15991972.0
2013-11-21,2.81,2.86,2.66,2.69,2.69,38812364.0
2013-11-20,2.56,2.6,2.55,2.6,2.6,9949960.0
2013-11-19,2.58,2.64,2.53,2.58,2.58,14255356.0
2013-11-18,2.52,2.62,2.5,2.6,2.6,17002996.0
2013-11-15,2.47,2.57,2.46,2.51,2.51,16789480.0
2013-11-14,2.43,2.52,2.37,2.5,2.5,13522440.0
2013-11-13,2.52,2.52,2.4,2.41,2.41,14349419.0
2013-11-12,2.55,2.6,2.51,2.54,2.54,14554312.0
2013-11-11,2.48,2.57,2.46,2.5,2.5,13192813.0
2013-11-08,2.5,2.53,2.43,2.47,2.47,17765616.0
2013-11-07,2.62,2.64,2.5,2.55,2.55,16934332.0
2013-11-06,2.65,2.77,2.6,2.66,2.66,24217128.0
2013-11-05,2.63,2.68,2.59,2.66,2.66,18286328.0
2013-11-04,2.59,2.71,2.57,2.6,2.6,21101266.0
2013-11-01,2.53,2.63,2.5,2.56,2.56,20388328.0
2013-10-31,2.83,2.87,2.59,2.6,2.6,43925732.0
2013-10-30,2.84,2.93,2.77,2.88,2.88,32197728.0
2013-10-29,2.75,2.92,2.57,2.89,2.89,47469660.0
2013-10-28,2.76,3.08,2.73,2.8,2.8,41551276.0
2013-10-25,2.79,2.96,2.72,2.83,2.83,36412348.0
2013-10-24,2.84,3.01,2.77,2.78,2.78,42176232.0
2013-10-23,3.06,3.07,2.74,2.87,2.87,54122640.0
2013-10-22,2.84,2.97,2.84,2.97,2.97,39568776.0
2013-10-21,2.53,2.71,2.48,2.71,2.71,60497568.0
2013-10-18,2.23,2.46,2.22,2.46,2.46,58945924.0
2013-10-17,2.2,2.35,2.2,2.23,2.23,34163664.0
2013-10-16,2.15,2.26,2.11,2.21,2.21,26664388.0
2013-10-15,2.19,2.2,2.12,2.15,2.15,13422922.0
2013-10-14,2.19,2.22,2.16,2.21,2.21,20194540.0
2013-10-11,2.15,2.19,2.12,2.17,2.17,14478570.0
2013-10-10,2.15,2.2,2.12,2.13,2.13,15941168.0
2013-10-09,2.14,2.19,2.14,2.16,2.16,16494647.0
2013-10-08,2.06,2.24,2.05,2.18,2.18,35437744.0
2013-09-30,2.05,2.07,2.03,2.05,2.05,20171074.0
2013-09-27,2.01,2.03,1.95,2.01,2.01,15042661.0
2013-09-26,2.01,2.05,1.99,1.99,1.99,9376423.0
2013-09-25,2.03,2.06,2.0,2.01,2.01,12952568.0
2013-09-24,2.04,2.07,1.99,2.04,2.04,20832444.0
2013-09-23,2.03,2.11,2.02,2.05,2.05,33460864.0
2013-09-18,2.03,2.04,1.98,2.04,2.04,7264386.0
2013-09-17,2.11,2.11,2.02,2.03,2.03,10751708.0
2013-09-16,2.1,2.14,2.09,2.12,2.12,12186007.0
2013-09-13,2.11,2.11,2.07,2.1,2.1,8049622.0
2013-09-12,2.13,2.17,2.08,2.12,2.12,14759452.0
2013-09-11,2.18,2.18,2.08,2.09,2.09,16440375.0
2013-09-10,2.18,2.21,2.15,2.18,2.18,15115083.0
2013-09-09,2.15,2.17,2.12,2.15,2.15,11461527.0
2013-09-06,2.21,2.21,2.14,2.16,2.16,15458651.0
2013-09-05,2.14,2.23,2.12,2.21,2.21,38128512.0
2013-09-04,2.15,2.19,2.1,2.13,2.13,17342992.0
2013-09-03,2.13,2.2,2.1,2.17,2.17,19907328.0
2013-09-02,2.15,2.23,2.09,2.16,2.16,32329882.0
2013-08-30,2.08,2.11,2.04,2.09,2.09,15830805.0
2013-08-29,2.03,2.11,2.03,2.09,2.09,13689364.0
2013-08-28,2.01,2.16,2.01,2.03,2.03,14841073.0
2013-08-27,2.0,2.03,1.98,2.01,2.01,5872323.0
2013-08-26,1.96,2.02,1.96,2.01,2.01,6608970.0
2013-08-23,1.99,2.01,1.93,1.95,1.95,6258064.0
2013-08-22,2.02,2.03,1.98,1.99,1.99,5823113.0
2013-08-21,2.0,2.03,1.96,2.03,2.03,6444732.0
2013-08-20,2.03,2.04,1.99,2.0,2.0,6429330.0
2013-08-19,1.99,2.04,1.98,2.03,2.03,5076578.0
2013-08-16,2.03,2.08,2.01,2.01,2.01,8907184.0
2013-08-15,2.1,2.11,2.03,2.03,2.03,11201964.0
2013-08-14,2.13,2.14,2.09,2.1,2.1,10797115.0
2013-08-13,2.11,2.17,2.1,2.14,2.14,11894739.0
2013-08-12,2.07,2.13,2.05,2.11,2.11,13018300.0
2013-08-09,2.13,2.15,2.06,2.09,2.09,13466832.0
2013-08-08,2.19,2.2,2.12,2.13,2.13,15260548.0
2013-08-07,2.17,2.28,2.13,2.19,2.19,33661964.0
2013-08-06,2.14,2.17,2.12,2.15,2.15,10144645.0
2013-08-05,2.17,2.17,2.1,2.14,2.14,10690902.0
2013-08-02,2.14,2.18,2.11,2.14,2.14,15837316.0
2013-08-01,2.08,2.1,2.04,2.09,2.09,10259326.0
2013-07-31,2.04,2.12,2.04,2.06,2.06,9040916.0
2013-07-30,2.08,2.12,2.0,2.05,2.05,14100345.0
2013-07-29,2.23,2.28,2.14,2.14,2.14,32601852.0
2013-07-26,2.11,2.15,2.07,2.12,2.12,16071718.0
2013-07-25,2.04,2.17,1.96,2.13,2.13,21131140.0
2013-07-24,2.05,2.09,2.02,2.05,2.05,11181108.0
2013-07-23,1.99,2.04,1.97,2.03,2.03,8018470.0
2013-07-22,1.92,1.99,1.9,1.98,1.98,7945441.0
2013-07-19,2.08,2.1,1.95,1.95,1.95,9861298.0
2013-07-18,2.09,2.09,2.03,2.06,2.06,8625534.0
2013-07-17,2.1,2.12,2.06,2.08,2.08,14682219.0
2013-07-16,2.15,2.24,2.12,2.14,2.14,27931630.0
2013-07-15,1.99,2.12,1.98,2.07,2.07,17232784.0
2013-07-12,1.97,2.04,1.95,1.99,1.99,10904179.0
2013-07-11,1.96,2.01,1.92,1.98,1.98,12360318.0
2013-07-10,1.87,1.95,1.86,1.95,1.95,11132746.0
2013-07-09,1.96,1.97,1.87,1.89,1.89,9250285.0
2013-07-08,2.02,2.02,1.93,1.95,1.95,9043270.0
2013-07-05,2.21,2.21,2.0,2.02,2.02,25024614.0
2013-07-04,1.93,2.11,1.92,2.08,2.08,22485760.0
2013-07-03,1.87,1.97,1.86,1.96,1.96,17038114.0
2013-07-02,1.83,1.91,1.83,1.87,1.87,9526810.0
2013-07-01,1.88,1.88,1.74,1.85,1.85,7751614.0
2013-06-28,1.9,1.94,1.83,1.86,1.86,8024842.0
2013-06-27,2.02,2.03,1.9,1.9,1.9,8222082.0
2013-06-26,1.97,2.01,1.9,2.0,2.0,10411261.0
2013-06-25,1.89,1.98,1.77,1.96,1.96,10393292.0
2013-06-24,2.05,2.07,1.91,1.95,1.95,8627030.0
2013-06-21,1.96,2.09,1.92,2.06,2.06,10821351.0
2013-06-20,2.05,2.07,2.0,2.0,2.0,7700931.0
2013-06-19,2.15,2.15,2.05,2.09,2.09,11922077.0
2013-06-18,2.17,2.23,2.16,2.19,2.19,13007740.0
2013-06-17,2.18,2.23,2.11,2.15,2.15,18454064.0
2013-06-14,2.06,2.12,2.03,2.11,2.11,11430454.0
2013-06-13,2.03,2.13,2.0,2.1,2.1,16398169.0
2013-06-07,2.09,2.11,2.01,2.02,2.02,7792889.0
2013-06-06,2.19,2.21,2.07,2.09,2.09,11928594.0
2013-06-05,2.24,2.24,2.16,2.22,2.22,14508122.0
2013-06-04,2.19,2.33,2.16,2.29,2.29,19341866.0
2013-06-03,2.2,2.22,2.15,2.19,2.19,8809844.0
2013-05-31,2.25,2.29,2.21,2.21,2.21,12414026.0
2013-05-30,2.3,2.31,2.21,2.23,2.23,14351868.0
2013-05-29,2.3,2.34,2.26,2.3,2.3,11223276.0
2013-05-28,2.4,2.4,2.27,2.29,2.29,13926135.0
2013-05-27,2.33,2.38,2.31,2.37,2.37,21875544.0
2013-05-24,2.22,2.33,2.21,2.31,2.31,20752876.0
2013-05-23,2.18,2.26,2.16,2.22,2.22,24395276.0
2013-05-22,2.35,2.39,2.27,2.31,2.31,49807584.0
2013-05-21,2.33,2.33,2.24,2.29,2.29,50796616.0
2013-05-20,2.05,2.15,2.02,2.12,2.12,16780970.0
2013-05-17,2.02,2.09,2.0,2.04,2.04,11528919.0
2013-05-16,2.01,2.11,2.0,2.03,2.03,18568156.0
2013-05-15,2.02,2.05,1.98,2.03,2.03,16265463.0
2013-05-14,1.93,2.07,1.9,2.05,2.05,23861238.0
2013-05-13,1.88,1.95,1.87,1.9,1.9,8838483.0
2013-05-10,1.83,1.88,1.82,1.87,1.87,5490780.0
2013-05-09,1.85,1.86,1.83,1.84,1.84,8373521.0
2013-05-08,1.88,1.91,1.87,1.89,1.89,6585148.0
2013-05-07,1.86,1.89,1.86,1.88,1.88,4863883.0
2013-05-06,1.86,1.89,1.84,1.87,1.87,6248157.0
2013-05-03,1.84,1.88,1.84,1.87,1.87,4508941.0
2013-05-02,1.82,1.84,1.8,1.84,1.84,3157540.0
2013-04-26,1.83,1.84,1.81,1.82,1.82,4292429.0
2013-04-25,1.86,1.87,1.82,1.82,1.82,7625924.0
2013-04-24,1.88,1.9,1.82,1.88,1.88,13454204.0
2013-04-23,1.86,1.96,1.82,1.95,1.95,10461738.0
2013-04-22,1.85,1.87,1.84,1.86,1.86,5087954.0
2013-04-19,1.83,1.89,1.82,1.87,1.87,6522035.0
2013-04-18,1.84,1.85,1.82,1.82,1.82,3516431.0
2013-04-17,1.84,1.85,1.81,1.84,1.84,3863568.0
2013-04-16,1.79,1.84,1.77,1.84,1.84,3995758.0
2013-04-15,1.89,1.89,1.8,1.81,1.81,5850779.0
2013-04-12,1.94,1.94,1.87,1.9,1.9,6616621.0
2013-04-11,1.93,1.99,1.92,1.92,1.92,7456399.0
2013-04-10,2.01,2.07,1.92,1.97,1.97,15840430.0
2013-04-09,1.88,1.92,1.86,1.91,1.91,6877443.0
2013-04-08,1.8,1.87,1.74,1.86,1.86,5601430.0
2013-04-03,1.91,1.91,1.81,1.83,1.83,6329308.0
2013-04-02,1.92,1.93,1.89,1.9,1.9,3930664.0
2013-04-01,1.92,1.94,1.86,1.91,1.91,5592543.0
2013-03-29,1.92,1.99,1.9,1.94,1.94,6297034.0
2013-03-28,1.94,1.98,1.9,1.91,1.91,7827550.0
2013-03-27,1.93,1.96,1.91,1.96,1.96,5849132.0
2013-03-26,1.96,1.97,1.88,1.92,1.92,6698183.0
2013-03-25,2.0,2.0,1.95,1.96,1.96,7025583.0
2013-03-22,2.0,2.01,1.96,1.99,1.99,9315538.0
2013-03-21,1.93,2.06,1.92,2.02,2.02,17528750.0
2013-03-20,1.88,2.0,1.87,1.97,1.97,13454493.0
2013-03-19,1.9,1.9,1.82,1.87,1.87,7919316.0
2013-03-18,1.89,1.97,1.87,1.91,1.91,16331930.0
2013-03-15,1.84,1.89,1.8,1.87,1.87,9274968.0
2013-03-14,1.84,1.87,1.82,1.84,1.84,6802989.0
2013-03-13,1.95,1.95,1.81,1.86,1.86,15592065.0
2013-03-12,2.11,2.15,1.95,1.98,1.98,18849652.0
2013-03-11,2.01,2.07,1.98,2.05,2.05,10688467.0
2013-03-08,2.08,2.11,1.99,2.0,2.0,16012351.0
2013-03-07,2.15,2.25,2.07,2.08,2.08,24502848.0
2013-03-06,2.08,2.25,2.05,2.19,2.19,34911232.0
2013-03-05,2.06,2.14,2.0,2.11,2.11,24150292.0
2013-03-04,2.04,2.16,2.01,2.08,2.08,29620006.0
2013-03-01,2.04,2.11,1.97,2.08,2.08,24470428.0
2013-02-28,2.0,2.11,1.99,2.06,2.06,24814408.0
2013-02-27,1.97,2.01,1.95,1.99,1.99,13115233.0
2013-02-26,2.01,2.07,1.95,1.97,1.97,18892644.0
2013-02-25,2.02,2.05,2.0,2.02,2.02,16117208.0
2013-02-22,2.06,2.09,1.98,2.0,2.0,31068396.0
2013-02-21,2.11,2.19,2.07,2.1,2.1,33392516.0
2013-02-20,2.15,2.15,2.06,2.12,2.12,44263876.0
2013-02-19,2.03,2.13,2.0,2.13,2.13,68050736.0
2013-02-18,1.89,1.94,1.84,1.94,1.94,17294032.0
2013-02-08,1.73,1.76,1.72,1.76,1.76,6328576.0
2013-02-07,1.75,1.75,1.72,1.73,1.73,5338007.0
2013-02-06,1.73,1.75,1.7,1.75,1.75,6783109.0
2013-02-05,1.71,1.75,1.69,1.73,1.73,5187270.0
2013-02-04,1.76,1.77,1.7,1.72,1.72,6561933.0
2013-02-01,1.8,1.81,1.75,1.77,1.77,7843936.0
2013-01-31,1.8,1.84,1.79,1.82,1.82,6433748.0
2013-01-30,1.81,1.82,1.79,1.81,1.81,5659829.0
2013-01-29,1.82,1.82,1.78,1.81,1.81,5597050.0
2013-01-28,1.77,1.81,1.76,1.81,1.81,5239750.0
2013-01-25,1.8,1.84,1.77,1.77,1.77,5788551.0
2013-01-24,1.88,1.9,1.78,1.79,1.79,10775922.0
2013-01-23,1.84,1.88,1.83,1.88,1.88,6996076.0
2013-01-22,1.87,1.95,1.84,1.87,1.87,13639106.0
2013-01-21,1.88,1.89,1.83,1.89,1.89,10803232.0
2013-01-18,1.92,1.93,1.83,1.87,1.87,13939815.0
2013-01-17,1.92,1.97,1.89,1.91,1.91,7476345.0
2013-01-16,1.99,2.06,1.9,1.94,1.94,15423393.0
2013-01-15,1.98,2.09,1.96,2.01,2.01,19571650.0
2013-01-14,1.94,2.02,1.92,1.98,1.98,20799736.0
2013-01-11,1.86,2.02,1.81,1.97,1.97,36035504.0
2013-01-10,1.77,1.93,1.75,1.88,1.88,28841044.0
2013-01-09,1.75,1.79,1.73,1.76,1.76,16993190.0
2013-01-08,1.75,1.77,1.69,1.75,1.75,14166641.0
2013-01-07,1.73,1.77,1.72,1.76,1.76,16146296.0
2013-01-04,1.71,1.79,1.71,1.76,1.76,26253908.0
2012-12-31,1.63,1.64,1.61,1.64,1.64,5859796.0
2012-12-28,1.64,1.66,1.61,1.63,1.63,7092649.0
2012-12-27,1.69,1.7,1.65,1.65,1.65,8987238.0
2012-12-26,1.67,1.7,1.66,1.69,1.69,6725722.0
2012-12-25,1.66,1.7,1.66,1.68,1.68,11281920.0
2012-12-24,1.63,1.68,1.61,1.65,1.65,11510725.0
2012-12-21,1.73,1.73,1.64,1.65,1.65,18546944.0
2012-12-20,1.81,1.81,1.68,1.73,1.73,35231112.0
2012-12-19,1.67,1.72,1.63,1.64,1.64,16710320.0
2012-12-18,1.6,1.7,1.57,1.67,1.67,20721308.0
2012-12-17,1.54,1.64,1.51,1.59,1.59,17795348.0
2012-12-14,1.47,1.57,1.45,1.54,1.54,13228987.0
2012-12-13,1.5,1.55,1.47,1.48,1.48,10714366.0
2012-12-12,1.51,1.52,1.45,1.49,1.49,7821509.0
2012-12-11,1.47,1.5,1.43,1.49,1.49,11135715.0
2012-12-10,1.42,1.49,1.41,1.47,1.47,12392106.0
2012-12-07,1.36,1.43,1.36,1.42,1.42,8640350.0
2012-12-06,1.4,1.4,1.36,1.37,1.37,5781375.0
2012-12-05,1.34,1.43,1.34,1.4,1.4,9128585.0
2012-12-04,1.29,1.36,1.28,1.35,1.35,7048013.0
2012-12-03,1.49,1.49,1.32,1.33,1.33,9496590.0
2012-11-30,1.44,1.5,1.44,1.47,1.47,7499505.0
2012-11-29,1.5,1.54,1.45,1.46,1.46,4702659.0
2012-11-28,1.47,1.53,1.46,1.49,1.49,4494990.0
2012-11-27,1.61,1.62,1.48,1.49,1.49,5109995.0
2012-11-26,1.63,1.65,1.61,1.62,1.62,2013682.0
2012-11-23,1.64,1.66,1.64,1.64,1.64,2308737.0
2012-11-22,1.64,1.68,1.64,1.64,1.64,3890510.0
2012-11-21,1.62,1.7,1.6,1.66,1.66,5298391.0
2012-11-20,1.63,1.64,1.61,1.62,1.62,2613302.0
2012-11-19,1.61,1.64,1.61,1.63,1.63,3456632.0
2012-11-16,1.65,1.65,1.59,1.62,1.62,4969719.0
2012-11-15,1.67,1.68,1.65,1.65,1.65,3666198.0
2012-11-14,1.7,1.74,1.66,1.69,1.69,5594633.0
2012-11-13,1.74,1.81,1.72,1.74,1.74,8165092.0
2012-11-09,1.74,1.76,1.71,1.72,1.72,4679527.0
2012-11-08,1.83,1.84,1.76,1.77,1.77,7597709.0
2012-11-07,1.86,1.9,1.84,1.86,1.86,6466035.0
2012-11-06,1.88,1.89,1.81,1.88,1.88,9549989.0
2012-11-05,1.84,1.9,1.82,1.86,1.86,5929342.0
2012-11-02,1.84,1.86,1.82,1.84,1.84,4684848.0
2012-11-01,1.77,1.86,1.77,1.84,1.84,7398129.0
2012-10-31,1.77,1.81,1.75,1.79,1.79,4692720.0
2012-10-30,1.8,1.84,1.77,1.77,1.77,7604329.0
2012-10-29,1.85,1.92,1.82,1.83,1.83,10070337.0
2012-10-26,1.92,1.93,1.8,1.82,1.82,11918091.0
2012-10-25,1.9,2.0,1.86,1.93,1.93,25174284.0
2012-10-24,1.82,1.91,1.81,1.89,1.89,15840950.0
2012-10-23,1.86,1.89,1.82,1.84,1.84,9873072.0
2012-10-22,1.79,1.88,1.78,1.86,1.86,13184250.0
2012-10-19,1.81,1.83,1.78,1.79,1.79,9636200.0
2012-10-18,1.75,1.84,1.74,1.83,1.83,15356711.0
2012-10-17,1.72,1.8,1.69,1.76,1.76,8984202.0
2012-10-16,1.73,1.8,1.72,1.73,1.73,10876915.0
2012-10-15,1.84,1.84,1.66,1.7,1.7,13390383.0
2012-10-12,1.88,1.91,1.82,1.82,1.82,13148230.0
2012-10-11,1.78,1.94,1.77,1.88,1.88,25236956.0
2012-10-10,1.74,1.91,1.74,1.83,1.83,18265832.0
2012-10-09,1.7,1.77,1.7,1.75,1.75,10295731.0
2012-10-08,1.7,1.73,1.68,1.71,1.71,5718778.0
2012-09-28,1.68,1.73,1.67,1.71,1.71,6337241.0
2012-09-27,1.65,1.73,1.64,1.69,1.69,6095405.0
2012-09-26,1.71,1.72,1.66,1.66,1.66,3816635.0
2012-09-25,1.71,1.73,1.69,1.71,1.71,4784222.0
2012-09-24,1.67,1.79,1.62,1.73,1.73,8337439.0
2012-09-21,1.69,1.69,1.66,1.67,1.67,4878440.0
2012-09-20,1.79,1.79,1.68,1.69,1.69,7027638.0
2012-09-19,1.78,1.79,1.76,1.79,1.79,4002779.0
2012-09-18,1.8,1.81,1.76,1.77,1.77,5071785.0
2012-09-17,1.85,1.86,1.78,1.79,1.79,11513366.0
2012-09-14,1.92,1.95,1.87,1.89,1.89,15742267.0
2012-09-13,1.91,1.97,1.86,1.87,1.87,19211586.0
2012-09-12,1.87,1.94,1.86,1.93,1.93,23375624.0
2012-09-11,1.82,1.9,1.8,1.89,1.89,17274428.0
2012-09-10,1.79,1.85,1.78,1.84,1.84,15584567.0
2012-09-07,1.73,1.83,1.71,1.8,1.8,22622928.0
2012-09-06,1.72,1.74,1.69,1.74,1.74,7954966.0
2012-09-05,1.69,1.77,1.69,1.73,1.73,7375454.0
2012-09-04,1.73,1.77,1.7,1.73,1.73,8272740.0
2012-09-03,1.68,1.77,1.66,1.75,1.75,10583166.0
2012-08-31,1.79,1.87,1.74,1.74,1.74,16390976.0
2012-08-30,1.72,1.76,1.66,1.72,1.72,7125866.0
2012-08-29,1.74,1.82,1.72,1.75,1.75,6795883.0
2012-08-28,1.72,1.77,1.71,1.75,1.75,4975168.0
2012-08-27,1.75,1.75,1.7,1.71,1.71,4646210.0
2012-08-24,1.84,1.84,1.76,1.77,1.77,6894717.0
2012-08-23,1.84,1.87,1.82,1.85,1.85,6201556.0
2012-08-22,1.88,1.91,1.83,1.85,1.85,7104699.0
2012-08-21,1.81,2.0,1.8,1.88,1.88,11941040.0
2012-08-20,1.79,1.83,1.75,1.82,1.82,5415095.0
2012-08-17,1.79,1.85,1.78,1.81,1.81,5820121.0
2012-08-16,1.8,1.82,1.78,1.78,1.78,4009210.0
2012-08-15,1.83,1.85,1.8,1.81,1.81,5951089.0
2012-08-14,1.82,1.86,1.79,1.85,1.85,7923673.0
2012-08-13,1.93,1.93,1.81,1.82,1.82,11104700.0
2012-08-10,1.96,2.01,1.92,1.94,1.94,11414545.0
2012-08-09,1.96,1.97,1.92,1.96,1.96,11542731.0
2012-08-08,1.95,2.03,1.9,1.99,1.99,17379542.0
2012-08-07,1.96,2.03,1.92,1.95,1.95,15689406.0
2012-08-06,1.85,1.95,1.82,1.93,1.93,16572385.0
2012-08-03,1.85,1.88,1.83,1.87,1.87,11910099.0
2012-08-02,1.8,1.88,1.7,1.88,1.88,16231075.0
2012-08-01,1.77,1.82,1.77,1.81,1.81,8866801.0
2012-07-31,1.86,1.88,1.76,1.78,1.78,13252976.0
2012-07-30,2.1,2.11,1.91,1.91,1.91,18342576.0
2012-07-27,2.09,2.12,2.07,2.12,2.12,8391703.0
2012-07-26,2.07,2.13,2.05,2.08,2.08,9027366.0
2012-07-25,2.1,2.19,2.08,2.12,2.12,13654112.0
2012-07-24,2.06,2.14,2.05,2.1,2.1,10747052.0
2012-07-23,2.17,2.17,2.05,2.06,2.06,15833871.0
2012-07-20,2.27,2.32,2.21,2.23,2.23,12881846.0
2012-07-19,2.27,2.31,2.21,2.28,2.28,15731718.0
2012-07-18,2.21,2.31,2.19,2.27,2.27,16834246.0
2012-07-17,2.26,2.27,2.15,2.24,2.24,24305754.0
2012-07-16,2.44,2.47,2.39,2.39,2.39,20927780.0
2012-07-13,2.66,2.82,2.65,2.66,2.66,25761888.0
2012-07-12,2.64,2.68,2.54,2.65,2.65,19110204.0
2012-07-11,2.66,2.69,2.55,2.63,2.63,19752644.0
2012-07-10,2.57,2.77,2.54,2.7,2.7,30147072.0
2012-07-09,2.73,2.75,2.58,2.61,2.61,25109530.0
2012-07-06,2.72,2.81,2.65,2.78,2.78,32277212.0
2012-07-05,2.81,2.95,2.71,2.77,2.77,64704984.0
2012-07-04,2.53,2.74,2.53,2.74,2.74,34723728.0
2012-07-03,2.6,2.6,2.45,2.49,2.49,43627804.0
2012-07-02,2.6,2.75,2.58,2.73,2.73,46482200.0
2012-06-29,2.37,2.65,2.35,2.65,2.65,57670208.0
2012-06-28,2.3,2.55,2.29,2.41,2.41,37140344.0
2012-06-27,2.3,2.34,2.27,2.32,2.32,15343786.0
2012-06-26,2.15,2.4,2.14,2.34,2.34,26958708.0
2012-06-25,2.29,2.31,2.15,2.18,2.18,9482074.0
2012-06-21,2.41,2.41,2.33,2.33,2.33,8589001.0
2012-06-20,2.39,2.45,2.37,2.41,2.41,12048402.0
2012-06-19,2.41,2.44,2.37,2.39,2.39,11318188.0
2012-06-18,2.38,2.53,2.35,2.45,2.45,20347508.0
2012-06-15,2.4,2.42,2.35,2.37,2.37,12571884.0
2012-06-14,2.38,2.49,2.34,2.41,2.41,21529580.0
2012-06-13,2.41,2.45,2.33,2.4,2.4,22598176.0
2012-06-12,2.13,2.32,2.13,2.32,2.32,6019619.0
2012-06-08,2.12,2.16,2.07,2.11,2.11,5256244.0
2012-06-07,2.2,2.22,2.1,2.11,2.11,5663484.0
2012-06-06,2.13,2.18,2.13,2.17,2.17,5742510.0
2012-06-05,2.17,2.19,2.11,2.13,2.13,6969116.0
2012-06-04,2.28,2.32,2.17,2.17,2.17,10774744.0
2012-06-01,2.35,2.39,2.32,2.34,2.34,8100348.0
2012-05-31,2.41,2.43,2.35,2.37,2.37,13928584.0
2012-05-30,2.33,2.46,2.3,2.45,2.45,23396944.0
2012-05-29,2.32,2.44,2.29,2.37,2.37,18914556.0
2012-05-28,2.38,2.39,2.27,2.34,2.34,17743954.0
2012-05-25,2.4,2.45,2.31,2.41,2.41,29042732.0
2012-05-24,2.06,2.28,2.05,2.28,2.28,7168442.0
2012-05-22,2.07,2.08,2.04,2.07,2.07,5286372.0
2012-05-21,2.08,2.13,1.99,2.06,2.06,9146906.0
2012-05-18,2.26,2.26,2.1,2.12,2.12,11756317.0
2012-05-17,2.25,2.36,2.25,2.3,2.3,8621355.0
2012-05-16,2.37,2.38,2.26,2.27,2.27,10385967.0
2012-05-15,2.43,2.44,2.34,2.39,2.39,13691527.0
2012-05-14,2.56,2.69,2.48,2.49,2.49,32334636.0
2012-05-11,2.28,2.46,2.25,2.46,2.46,11162865.0
2012-05-08,2.22,2.3,2.15,2.24,2.24,9066406.0
2012-04-27,2.12,2.21,2.1,2.19,2.19,5753768.0
2012-04-26,2.1,2.17,2.1,2.12,2.12,6134083.0
2012-04-25,2.1,2.12,2.06,2.1,2.1,7931212.0
2012-04-24,2.17,2.19,2.13,2.13,2.13,6914960.0
2012-04-23,2.35,2.35,2.24,2.24,2.24,7944502.0
2012-04-20,2.38,2.4,2.35,2.36,2.36,6875593.0
2012-04-19,2.38,2.42,2.36,2.39,2.39,6526426.0
2012-04-18,2.45,2.47,2.33,2.4,2.4,11314962.0
2012-04-13,2.36,2.46,2.35,2.42,2.42,9884935.0
2012-04-12,2.35,2.38,2.32,2.36,2.36,9913986.0
2012-04-11,2.27,2.38,2.27,2.36,2.36,9476778.0
2012-04-10,2.33,2.35,2.23,2.31,2.31,10381389.0
2012-04-09,2.37,2.4,2.32,2.34,2.34,8349399.0
2012-04-06,2.46,2.56,2.36,2.4,2.4,17600614.0
2012-03-30,2.56,2.59,2.46,2.49,2.49,9787550.0
2012-03-29,2.62,2.62,2.59,2.59,2.59,6260199.0
2012-03-28,2.85,2.85,2.73,2.73,2.73,9560358.0
2012-03-27,2.98,3.0,2.85,2.87,2.87,7915322.0
2012-03-26,2.91,2.98,2.88,2.96,2.96,7464406.0
2012-03-23,2.93,2.94,2.86,2.9,2.9,8330100.0
2012-03-22,2.82,2.96,2.82,2.96,2.96,14006518.0
2012-03-21,2.8,2.87,2.76,2.82,2.82,8555930.0
2012-03-20,2.83,2.86,2.75,2.76,2.76,7039021.0
2012-03-19,2.79,2.86,2.79,2.84,2.84,6743529.0
2012-03-16,2.76,2.84,2.72,2.83,2.83,11238881.0
2012-03-15,2.91,2.93,2.78,2.78,2.78,15424139.0
2012-03-14,3.09,3.2,2.92,2.92,2.92,18535992.0
2012-03-13,3.09,3.11,3.04,3.08,3.08,9201609.0
2012-03-09,3.08,3.11,3.03,3.08,3.08,10775373.0
2012-03-08,3.09,3.13,3.05,3.08,3.08,13045356.0
2012-03-07,2.91,3.11,2.91,3.11,3.11,23601208.0
2012-03-06,3.01,3.06,2.89,2.97,2.97,13975877.0
2012-03-05,2.95,3.09,2.94,3.01,3.01,18075680.0
2012-03-02,2.89,2.99,2.85,2.97,2.97,21455640.0
2012-03-01,2.86,2.93,2.81,2.89,2.89,14626434.0
2012-02-29,3.0,3.04,2.92,2.92,2.92,21262774.0
2012-02-28,3.21,3.29,3.07,3.07,3.07,24611660.0
2012-02-27,3.33,3.34,3.23,3.23,3.23,19793372.0
2012-02-24,3.16,3.38,3.12,3.31,3.31,27022096.0
2012-02-23,3.5,3.5,3.19,3.23,3.23,49850264.0
2012-02-22,3.2,3.33,3.2,3.33,3.33,13091842.0
2012-02-21,3.15,3.24,3.08,3.17,3.17,33119624.0
2012-02-20,2.97,3.21,2.91,3.12,3.12,37477116.0
2012-02-17,3.56,3.85,3.02,3.06,3.06,61977060.0
2009-03-13,0.82,0.85,0.79,0.79,0.79,24438344.0
2009-03-12,0.86,0.88,0.82,0.83,0.83,14612601.0
2009-03-11,0.82,0.85,0.81,0.85,0.85,15873736.0
2009-03-10,0.79,0.83,0.78,0.81,0.81,11552402.0
2009-03-09,0.82,0.86,0.82,0.82,0.82,19597328.0
2009-03-06,0.84,0.91,0.84,0.86,0.86,14375042.0
2009-03-05,0.9,0.92,0.86,0.87,0.87,16871136.0
2009-03-04,0.84,0.92,0.84,0.9,0.9,21383654.0
2009-03-03,0.95,0.95,0.89,0.89,0.89,22883552.0
2009-03-02,0.93,0.93,0.89,0.93,0.93,5469423.0
2009-02-27,0.85,0.89,0.84,0.89,0.89,6520199.0
2009-02-26,0.8,0.84,0.8,0.84,0.84,15792748.0
2009-02-25,0.82,0.83,0.79,0.8,0.8,11671477.0
2009-02-24,0.86,0.87,0.83,0.83,0.83,9733775.0
2009-02-23,0.85,0.88,0.84,0.87,0.87,8786620.0
2009-02-20,0.81,0.84,0.79,0.84,0.84,8920965.0
2009-02-19,0.79,0.82,0.78,0.8,0.8,8214563.0
2009-02-18,0.82,0.85,0.81,0.81,0.81,11945868.0
2009-02-17,0.92,0.95,0.85,0.86,0.86,18852216.0
2009-02-16,0.87,0.9,0.86,0.9,0.9,15292543.0
2009-02-13,0.83,0.87,0.83,0.86,0.86,13743534.0
2009-02-12,0.83,0.85,0.8,0.84,0.84,12181195.0
2009-02-11,0.83,0.87,0.8,0.83,0.83,13986013.0
2009-02-10,0.8,0.84,0.77,0.84,0.84,16354800.0
2009-02-09,0.8,0.81,0.78,0.8,0.8,17200018.0
2009-02-06,0.73,0.77,0.73,0.77,0.77,18409840.0
2009-02-05,0.75,0.76,0.73,0.74,0.74,15424947.0
2009-02-04,0.71,0.74,0.71,0.74,0.74,12391514.0
2009-02-03,0.69,0.71,0.68,0.71,0.71,12185165.0
2009-02-02,0.66,0.7,0.66,0.69,0.69,11100649.0
2009-01-23,0.66,0.68,0.65,0.67,0.67,8239192.0
2009-01-22,0.68,0.68,0.65,0.67,0.67,12896188.0
2009-01-21,0.69,0.7,0.68,0.68,0.68,6252440.0
2009-01-20,0.71,0.72,0.68,0.7,0.7,10720307.0
2009-01-19,0.67,0.7,0.67,0.7,0.7,15506096.0
2009-01-16,0.68,0.68,0.66,0.67,0.67,13486915.0
2009-01-15,0.64,0.66,0.64,0.66,0.66,13742897.0
2009-01-13,0.66,0.67,0.63,0.63,0.63,12731065.0
2009-01-12,0.67,0.69,0.66,0.66,0.66,6121906.0
2009-01-09,0.65,0.68,0.65,0.67,0.67,5305852.0
2009-01-08,0.68,0.7,0.66,0.66,0.66,8312392.0
2009-01-07,0.68,0.7,0.67,0.7,0.7,10082559.0
2009-01-06,0.67,0.69,0.65,0.68,0.68,9486712.0
2009-01-05,0.68,0.68,0.65,0.67,0.67,5466732.0
2008-12-31,0.7,0.72,0.66,0.68,0.68,11384527.0
2008-12-30,0.66,0.69,0.64,0.69,0.69,6920799.0
2008-12-29,0.67,0.68,0.66,0.66,0.66,5817638.0
2008-12-26,0.69,0.72,0.69,0.69,0.69,9126799.0
2008-12-24,0.73,0.75,0.72,0.73,0.73,5624092.0
2008-12-23,0.79,0.82,0.76,0.76,0.76,5421411.0
2008-12-22,0.8,0.81,0.77,0.79,0.79,5261330.0
2008-12-19,0.84,0.85,0.8,0.81,0.81,10833693.0
2008-12-18,0.78,0.81,0.78,0.81,0.81,3109136.0
2008-12-17,0.78,0.79,0.76,0.77,0.77,6967443.0
2008-12-16,0.78,0.79,0.78,0.78,0.78,4788037.0
2008-12-15,0.82,0.83,0.82,0.82,0.82,2223900.0
2008-12-11,0.86,0.9,0.84,0.86,0.86,10803747.0
2008-12-10,0.84,0.87,0.82,0.86,0.86,14665164.0
2008-12-09,0.84,0.86,0.79,0.85,0.85,11958254.0
2008-12-08,0.78,0.83,0.78,0.83,0.83,13059474.0
2008-12-05,0.77,0.82,0.77,0.79,0.79,8182034.0
2008-12-04,0.78,0.8,0.76,0.78,0.78,10869318.0
2008-12-03,0.82,0.83,0.75,0.79,0.79,13527097.0
2008-11-28,0.87,0.87,0.79,0.79,0.79,15845688.0
2008-11-27,0.83,0.83,0.83,0.83,0.83,579650.0
2008-11-26,0.79,0.79,0.79,0.79,0.79,65399.0
2008-10-24,0.7,0.75,0.7,0.75,0.75,10538510.0
2008-10-23,0.67,0.71,0.66,0.71,0.71,9393930.0
2008-10-22,0.68,0.68,0.66,0.68,0.68,512241.0
2008-10-21,0.68,0.69,0.67,0.68,0.68,900902.0
2008-10-20,0.69,0.69,0.67,0.68,0.68,1202469.0
2008-10-17,0.68,0.7,0.66,0.68,0.68,2602808.0
2008-10-16,0.67,0.73,0.67,0.69,0.69,3902039.0
2008-10-15,0.67,0.71,0.67,0.7,0.7,1218912.0
2008-10-14,0.71,0.72,0.67,0.69,0.69,1633002.0
2008-10-13,0.64,0.7,0.63,0.7,0.7,3492000.0
2008-10-10,0.68,0.68,0.67,0.67,0.67,998208.0
2008-10-09,0.72,0.73,0.7,0.7,0.7,847800.0
2008-10-08,0.72,0.73,0.69,0.72,0.72,1766500.0
2008-10-07,0.72,0.74,0.7,0.73,0.73,1161767.0
2008-10-06,0.71,0.73,0.66,0.73,0.73,5111307.0
2008-09-26,0.7,0.7,0.68,0.7,0.7,2225548.0
2008-09-25,0.63,0.66,0.63,0.66,0.66,5214914.0
2008-09-24,0.63,0.65,0.63,0.63,0.63,4687300.0
2008-09-23,0.67,0.67,0.66,0.66,0.66,1149600.0
2008-09-22,0.7,0.73,0.66,0.7,0.7,8187555.0
2008-09-19,0.69,0.69,0.68,0.69,0.69,9628136.0
2008-09-18,0.66,0.67,0.66,0.66,0.66,899000.0
2008-09-17,0.69,0.73,0.69,0.69,0.69,1635656.0
2008-09-16,0.76,0.76,0.73,0.73,0.73,625300.0
2008-09-12,0.78,0.78,0.75,0.76,0.76,3773269.0
2008-09-11,0.8,0.82,0.79,0.79,0.79,449400.0
2008-09-10,0.81,0.83,0.79,0.83,0.83,698598.0
2008-09-09,0.81,0.83,0.79,0.8,0.8,753690.0
2008-09-08,0.83,0.86,0.83,0.83,0.83,701800.0
2008-09-04,0.85,0.89,0.83,0.88,0.88,648137.0
2008-09-03,0.88,0.89,0.85,0.86,0.86,1105650.0
2008-09-02,0.94,0.94,0.89,0.89,0.89,1039890.0
2008-09-01,0.93,0.96,0.91,0.94,0.94,585666.0
2008-08-29,0.94,0.96,0.92,0.95,0.95,682733.0
2008-08-28,0.97,0.97,0.91,0.94,0.94,1277823.0
2008-08-27,0.96,0.97,0.93,0.95,0.95,367104.0
2008-08-26,0.97,0.99,0.95,0.96,0.96,853936.0
2008-08-25,0.98,1.01,0.94,0.99,0.99,561406.0
2008-08-22,1.0,1.01,0.95,0.98,0.98,493788.0
2008-08-21,1.0,1.02,0.97,1.0,1.0,842801.0
2008-08-20,0.93,1.02,0.93,1.01,1.01,1679745.0
2008-08-19,0.9,0.98,0.9,0.97,0.97,1056058.0
2008-08-18,0.99,1.01,0.94,0.94,0.94,553100.0
2008-08-15,0.95,0.99,0.9,0.99,0.99,790152.0
2008-08-14,0.94,0.97,0.93,0.94,0.94,563500.0
2008-08-13,0.94,0.97,0.93,0.94,0.94,447109.0
2008-08-12,0.99,1.0,0.98,0.98,0.98,710700.0
2008-08-11,1.11,1.14,1.03,1.03,1.03,341100.0
2008-08-08,1.16,1.16,1.09,1.09,1.09,880700.0
2008-08-07,1.13,1.15,1.11,1.15,1.15,553458.0
2008-08-06,1.11,1.13,1.1,1.11,1.11,268788.0
2008-08-05,1.13,1.14,1.1,1.11,1.11,347572.0
2008-08-04,1.12,1.15,1.11,1.13,1.13,435000.0
2008-08-01,1.15,1.15,1.09,1.13,1.13,878583.0
2008-07-31,1.2,1.2,1.15,1.15,1.15,1126123.0
2008-07-30,1.21,1.23,1.18,1.21,1.21,844721.0
2008-07-29,1.25,1.25,1.19,1.22,1.22,1078079.0
2008-07-28,1.24,1.27,1.24,1.26,1.26,1298587.0
2008-07-25,1.23,1.26,1.2,1.25,1.25,1433480.0
2008-07-24,1.24,1.25,1.2,1.23,1.23,1989216.0
2008-07-23,1.22,1.25,1.22,1.23,1.23,726799.0
2008-07-22,1.24,1.26,1.18,1.23,1.23,906820.0
2008-07-21,1.18,1.23,1.17,1.23,1.23,1071537.0
2008-07-18,1.2,1.2,1.14,1.18,1.18,1791852.0
2008-07-17,1.25,1.25,1.2,1.2,1.2,1542899.0
2008-07-15,1.3,1.33,1.25,1.26,1.26,1130319.0
2008-07-14,1.32,1.34,1.28,1.3,1.3,1781818.0
2008-07-11,1.29,1.32,1.25,1.32,1.32,1484829.0
2008-07-10,1.3,1.35,1.28,1.29,1.29,2121628.0
2008-07-09,1.28,1.32,1.28,1.29,1.29,2273289.0
2008-07-08,1.3,1.31,1.25,1.29,1.29,2485521.0
2008-07-07,1.17,1.25,1.17,1.25,1.25,1894816.0
2008-07-04,1.15,1.21,1.14,1.19,1.19,1156087.0
2008-07-03,1.15,1.19,1.11,1.17,1.17,1200885.0
2008-07-02,1.13,1.17,1.13,1.15,1.15,689733.0
2008-07-01,1.2,1.22,1.11,1.15,1.15,1732151.0
2008-06-30,1.06,1.17,1.06,1.17,1.17,4012497.0
2008-06-27,1.13,1.13,1.08,1.11,1.11,3336015.0
2008-06-26,1.09,1.09,1.09,1.09,1.09,497680.0
2008-06-24,1.03,1.06,1.0,1.04,1.04,3403143.0
2008-06-23,1.11,1.11,1.05,1.05,1.05,2415201.0
2008-06-20,1.16,1.19,1.11,1.11,1.11,2788810.0
2008-06-19,1.22,1.22,1.16,1.16,1.16,2390941.0
2008-06-18,1.2,1.26,1.15,1.22,1.22,3421896.0
2008-06-17,1.23,1.3,1.19,1.21,1.21,3808511.0
2008-06-16,1.18,1.26,1.18,1.25,1.25,3974368.0
2008-06-13,1.21,1.25,1.15,1.2,1.2,1813104.0
2008-06-12,1.25,1.28,1.21,1.21,1.21,1786912.0
2008-06-11,1.27,1.28,1.27,1.27,1.27,2475016.0
2008-06-10,1.35,1.35,1.33,1.33,1.33,749179.0
2008-06-06,1.4,1.43,1.38,1.4,1.4,856590.0
2008-06-05,1.4,1.43,1.38,1.4,1.4,935083.0
2008-06-04,1.46,1.46,1.4,1.41,1.41,1285497.0
2008-06-03,1.44,1.48,1.44,1.46,1.46,1473770.0
2008-06-02,1.4,1.48,1.39,1.45,1.45,2749221.0
2008-05-30,1.39,1.43,1.37,1.4,1.4,1414460.0
2008-05-29,1.45,1.47,1.4,1.4,1.4,2262151.0
2008-05-28,1.45,1.46,1.39,1.45,1.45,1510217.0
2008-05-27,1.4,1.46,1.4,1.45,1.45,1333799.0
2008-05-26,1.39,1.44,1.38,1.41,1.41,1422167.0
2008-05-23,1.42,1.48,1.4,1.4,1.4,4007238.0
2008-05-22,1.53,1.53,1.45,1.48,1.48,2204718.0
2008-05-20,1.55,1.59,1.48,1.48,1.48,3168633.0
2008-05-19,1.57,1.59,1.54,1.55,1.55,1583150.0
2008-05-16,1.58,1.58,1.53,1.54,1.54,2091698.0
2008-05-15,1.57,1.62,1.56,1.58,1.58,3019955.0
2008-05-14,1.54,1.58,1.5,1.57,1.57,4682185.0
2008-05-13,1.54,1.59,1.5,1.56,1.56,5381107.0
2008-05-12,1.53,1.62,1.53,1.58,1.58,6450243.0
2008-05-09,1.53,1.55,1.5,1.54,1.54,4340594.0
2008-05-08,1.5,1.53,1.46,1.52,1.52,4139334.0
2008-05-07,1.54,1.6,1.5,1.53,1.53,7494711.0
2008-05-06,1.54,1.56,1.49,1.53,1.53,5671316.0
2008-05-05,1.53,1.56,1.49,1.55,1.55,6601302.0
2008-04-30,1.41,1.51,1.4,1.51,1.51,9919944.0
2008-04-29,1.36,1.45,1.36,1.44,1.44,9720743.0
2008-04-25,1.42,1.52,1.41,1.43,1.43,8491277.0
2008-04-24,1.45,1.47,1.4,1.46,1.46,7952045.0
2008-04-23,1.28,1.36,1.24,1.34,1.34,2982673.0
2008-04-22,1.29,1.34,1.2,1.28,1.28,2983749.0
2008-04-21,1.46,1.46,1.28,1.33,1.33,3093935.0
2008-04-18,1.36,1.42,1.27,1.33,1.33,2682873.0
2008-04-17,1.45,1.47,1.33,1.36,1.36,2595828.0
2008-04-16,1.53,1.53,1.43,1.43,1.43,2228728.0
2008-04-15,1.51,1.53,1.38,1.52,1.52,3373611.0
2008-04-14,1.61,1.64,1.5,1.5,1.5,3378044.0
2008-04-11,1.62,1.71,1.6,1.66,1.66,2919890.0
2008-04-10,1.56,1.62,1.53,1.61,1.61,2428122.0
2008-04-09,1.73,1.73,1.58,1.6,1.6,3113582.0
2008-04-08,1.74,1.75,1.69,1.73,1.73,3413361.0
2008-04-07,1.57,1.72,1.57,1.72,1.72,3604452.0
2008-04-03,1.54,1.62,1.44,1.58,1.58,2743969.0
2008-04-02,1.73,1.78,1.55,1.56,1.56,5280043.0
2008-04-01,1.88,1.94,1.73,1.73,1.73,7489907.0
2008-03-31,2.11,2.11,1.92,1.92,1.92,4946894.0
2008-03-28,2.03,2.16,1.99,2.13,2.13,3844015.0
2008-03-27,2.14,2.16,2.02,2.05,2.05,3786073.0
2008-03-26,2.21,2.27,2.14,2.19,2.19,4044922.0
2008-03-25,2.11,2.25,2.0,2.23,2.23,5712889.0
2008-03-24,2.17,2.2,2.12,2.15,2.15,4818889.0
2008-03-21,2.15,2.2,2.09,2.14,2.14,5108541.0
2008-03-20,2.05,2.19,1.94,2.15,2.15,7990330.0
2008-03-19,2.04,2.13,1.97,2.1,2.1,6894419.0
2008-03-18,1.91,2.09,1.83,1.99,1.99,8000233.0
2008-03-17,2.18,2.25,2.01,2.01,2.01,10596457.0
2008-03-14,2.39,2.45,2.24,2.24,2.24,14193640.0
2008-03-13,2.71,2.83,2.49,2.49,2.49,24625899.0
2008-03-12,2.62,2.85,2.56,2.76,2.76,28060702.0
2008-03-11,2.51,2.7,2.45,2.62,2.62,20015160.0
2008-03-10,2.44,2.56,2.42,2.55,2.55,17554816.0
2008-03-07,2.45,2.51,2.4,2.46,2.46,8471730.0
2008-03-06,2.39,2.54,2.36,2.46,2.46,8942292.0
2008-03-05,2.42,2.42,2.31,2.37,2.37,4377531.0
2008-03-04,2.48,2.5,2.41,2.41,2.41,11497628.0
2008-03-03,2.33,2.51,2.3,2.49,2.49,9798424.0
2008-02-29,2.37,2.4,2.33,2.36,2.36,4255144.0
2008-02-28,2.42,2.42,2.34,2.37,2.37,4600471.0
2008-02-27,2.4,2.46,2.34,2.4,2.4,5015314.0
2008-02-26,2.48,2.52,2.28,2.4,2.4,9014143.0
2008-02-25,2.37,2.54,2.28,2.44,2.44,13990989.0
2008-02-22,2.34,2.45,2.31,2.37,2.37,8152090.0
2008-02-21,2.34,2.53,2.32,2.4,2.4,21238721.0
2008-02-20,2.11,2.31,2.01,2.31,2.31,8512999.0
2008-02-19,2.05,2.13,2.01,2.1,2.1,3248668.0
2008-02-18,2.02,2.08,1.99,2.03,2.03,2974048.0
2008-02-15,1.99,2.01,1.9,2.0,2.0,2579825.0
2008-02-14,1.99,2.03,1.97,2.0,2.0,1534391.0
2008-02-13,1.99,2.02,1.89,1.97,1.97,2323188.0
2008-02-05,1.92,2.04,1.89,2.01,2.01,7695837.0
2008-02-04,1.82,1.89,1.8,1.89,1.89,4996288.0
2008-02-01,1.86,1.88,1.7,1.72,1.72,6285033.0
2008-01-31,2.07,2.09,1.88,1.89,1.89,9534811.0
2008-01-30,2.15,2.17,2.02,2.09,2.09,9822122.0
2008-01-29,2.15,2.28,2.13,2.24,2.24,2985495.0
2008-01-28,2.36,2.36,2.15,2.15,2.15,4764741.0
2008-01-25,2.39,2.47,2.33,2.39,2.39,6339188.0
2008-01-24,2.17,2.38,2.17,2.38,2.38,7186881.0
2008-01-23,2.1,2.19,2.02,2.17,2.17,5296259.0
2008-01-22,2.28,2.32,2.11,2.11,2.11,6284888.0
2008-01-21,2.38,2.45,2.28,2.35,2.35,4721024.0
2008-01-18,2.32,2.38,2.31,2.37,2.37,3137919.0
2008-01-17,2.47,2.52,2.28,2.33,2.33,6461519.0
2008-01-16,2.53,2.58,2.48,2.48,2.48,5653689.0
2008-01-15,2.52,2.63,2.5,2.56,2.56,8067890.0
2008-01-14,2.51,2.59,2.45,2.54,2.54,7055087.0
2008-01-11,2.65,2.68,2.49,2.54,2.54,9135647.0
2008-01-10,2.72,2.75,2.62,2.64,2.64,10198565.0
2008-01-09,2.69,2.71,2.6,2.71,2.71,13034301.0
2008-01-08,2.51,2.74,2.48,2.68,2.68,20565015.0
2008-01-07,2.56,2.56,2.48,2.51,2.51,12957333.0
2008-01-04,2.55,2.59,2.51,2.56,2.56,11593813.0
2008-01-02,2.43,2.54,2.43,2.5,2.5,13353246.0
2007-12-28,2.5,2.51,2.41,2.41,2.41,9299298.0
2007-12-27,2.57,2.61,2.49,2.5,2.5,11392940.0
2007-12-26,2.52,2.56,2.48,2.54,2.54,13664685.0
2007-12-25,2.74,2.74,2.48,2.57,2.57,19650810.0
2007-12-21,2.42,2.59,2.42,2.49,2.49,15206400.0
2007-12-20,2.38,2.5,2.37,2.42,2.42,11263794.0
2007-12-19,2.41,2.46,2.32,2.4,2.4,12006564.0
2007-12-18,2.42,2.54,2.37,2.42,2.42,13737546.0
2007-12-17,2.4,2.6,2.35,2.59,2.59,26381354.0
2007-12-14,3.1,3.1,2.54,2.54,2.54,1666400.0
2007-09-10,2.62,2.82,2.58,2.82,2.82,14686879.0
2007-09-07,2.29,2.57,2.28,2.57,2.57,32170497.0
2007-09-06,2.35,2.44,2.27,2.33,2.33,15451128.0
2007-09-05,2.22,2.36,2.17,2.33,2.33,17466136.0
2007-09-04,2.09,2.29,2.06,2.23,2.23,25161075.0
2007-09-03,2.11,2.16,2.05,2.09,2.09,12112471.0
2007-08-31,2.02,2.1,1.99,2.03,2.03,11840471.0
2007-08-30,1.91,1.99,1.9,1.99,1.99,8763461.0
2007-08-29,1.97,1.98,1.9,1.91,1.91,6263114.0
2007-08-28,1.89,1.99,1.85,1.99,1.99,12041271.0
2007-08-27,1.98,1.99,1.88,1.9,1.9,8498286.0
2007-08-24,1.98,1.99,1.93,1.96,1.96,9525229.0
2007-08-23,2.04,2.05,1.95,1.97,1.97,10282865.0
2007-08-22,1.93,2.05,1.89,2.02,2.02,18304088.0
2007-08-21,1.86,1.95,1.83,1.94,1.94,13264026.0
2007-08-20,1.82,1.88,1.79,1.86,1.86,11136669.0
2007-08-17,1.76,1.85,1.76,1.78,1.78,9275307.0
2007-08-16,1.73,1.79,1.7,1.79,1.79,5896304.0
2007-08-15,1.79,1.82,1.7,1.74,1.74,6874672.0
2007-08-14,1.77,1.81,1.75,1.8,1.8,11095569.0
2007-08-13,1.67,1.75,1.66,1.75,1.75,6820809.0
2007-08-10,1.72,1.75,1.63,1.68,1.68,5797684.0
2007-08-09,1.7,1.75,1.7,1.72,1.72,4989796.0
2007-08-08,1.74,1.75,1.67,1.71,1.71,7021889.0
2007-08-07,1.79,1.81,1.74,1.76,1.76,8206492.0
2007-08-06,1.76,1.82,1.73,1.82,1.82,9056935.0
2007-08-03,1.79,1.82,1.74,1.75,1.75,7683290.0
2007-08-02,1.72,1.82,1.7,1.79,1.79,7998237.0
2007-08-01,1.91,1.93,1.71,1.72,1.72,12936857.0
2007-07-31,1.82,1.94,1.75,1.9,1.9,13618908.0
2007-07-30,1.82,1.86,1.8,1.83,1.83,9104761.0
2007-07-27,1.75,1.86,1.71,1.82,1.82,9929330.0
2007-07-26,1.72,1.81,1.72,1.77,1.77,10515074.0
2007-07-25,1.65,1.72,1.64,1.71,1.71,7709682.0
2007-07-24,1.62,1.7,1.6,1.64,1.64,9241516.0
2007-07-23,1.56,1.66,1.55,1.63,1.63,9253329.0
2007-07-20,1.48,1.58,1.48,1.56,1.56,7271913.0
2007-07-19,1.47,1.5,1.44,1.48,1.48,2486378.0
2007-07-18,1.48,1.49,1.44,1.47,1.47,2864475.0
2007-07-17,1.42,1.48,1.42,1.47,1.47,3364938.0
2007-07-16,1.47,1.5,1.41,1.42,1.42,3444155.0
2007-07-13,1.5,1.52,1.46,1.49,1.49,3162600.0
2007-07-12,1.52,1.56,1.5,1.52,1.52,4085915.0
2007-07-11,1.45,1.54,1.45,1.52,1.52,3557683.0
2007-07-10,1.55,1.56,1.47,1.49,1.49,5674408.0
2007-07-09,1.51,1.58,1.48,1.55,1.55,7058937.0
2007-07-06,1.37,1.52,1.37,1.5,1.5,7231766.0
2007-07-05,1.48,1.53,1.39,1.39,1.39,5476361.0
2007-07-04,1.62,1.63,1.53,1.54,1.54,4339857.0
2007-07-03,1.66,1.67,1.58,1.62,1.62,5518989.0
2007-07-02,1.56,1.7,1.56,1.68,1.68,7840951.0
2007-06-29,1.53,1.65,1.48,1.58,1.58,9702442.0
2007-06-28,1.84,1.87,1.65,1.65,1.65,21221567.0
2007-06-27,1.65,1.83,1.62,1.83,1.83,13964117.0
2007-06-26,1.62,1.67,1.52,1.66,1.66,12425233.0
2007-06-25,1.9,1.9,1.69,1.69,1.69,11386780.0
2007-06-22,2.1,2.1,1.88,1.88,1.88,10739505.0
2007-06-21,2.05,2.11,1.97,2.09,2.09,11100224.0
2007-06-20,2.2,2.26,2.09,2.1,2.1,19309949.0
2007-06-19,2.1,2.17,2.05,2.17,2.17,17809851.0
2007-06-18,2.07,2.17,2.04,2.09,2.09,15596092.0
2007-06-15,2.05,2.09,1.97,2.04,2.04,13250311.0
2007-06-14,2.11,2.18,2.03,2.09,2.09,21686562.0
2007-06-13,1.95,2.13,1.93,2.1,2.1,21350399.0
2007-06-12,2.06,2.08,1.83,1.96,1.96,22364308.0
2007-06-11,2.14,2.18,2.03,2.04,2.04,16885552.0
2007-06-08,2.07,2.21,2.01,2.12,2.12,20940300.0
2007-06-07,1.91,2.07,1.86,2.04,2.04,19791940.0
2007-06-06,1.94,1.99,1.74,1.93,1.93,16921487.0
2007-06-05,1.84,1.96,1.84,1.89,1.89,17954858.0
2007-06-04,2.08,2.18,2.05,2.05,2.05,3598000.0
2007-06-01,2.48,2.56,2.28,2.28,2.28,12601069.0
2007-05-31,2.62,2.7,2.53,2.53,2.53,13434443.0
2007-05-30,2.81,3.01,2.81,2.81,2.81,17237738.0
2007-05-29,3.11,3.19,3.05,3.13,3.13,17540380.0
2007-05-28,3.14,3.22,3.05,3.11,3.11,30754987.0
2007-05-25,2.79,3.03,2.74,2.96,2.96,26854649.0
2007-05-24,2.87,2.87,2.71,2.8,2.8,15875709.0
2007-05-23,2.84,2.89,2.78,2.87,2.87,18966277.0
2007-05-22,2.92,2.98,2.82,2.84,2.84,20173232.0
2007-05-18,2.86,2.89,2.79,2.8,2.8,28913668.0
2007-05-17,2.54,2.82,2.52,2.82,2.82,20708023.0
2007-05-16,2.46,2.59,2.32,2.56,2.56,13673033.0
2007-05-15,2.71,2.75,2.44,2.49,2.49,14228089.0
2007-05-14,2.73,2.77,2.65,2.7,2.7,12469150.0
2007-05-11,2.74,2.83,2.68,2.78,2.78,16835090.0
2007-05-10,2.73,2.73,2.6,2.73,2.73,16304729.0
2007-05-09,2.85,2.86,2.59,2.75,2.75,23367774.0
2007-05-08,2.81,2.96,2.68,2.88,2.88,27253155.0
2007-04-30,2.3,2.81,2.3,2.7,2.7,53207497.0
2007-04-20,2.4,2.56,2.4,2.56,2.56,27485189.0
2007-04-19,2.44,2.45,2.23,2.32,2.32,17608642.0
2007-04-18,2.42,2.5,2.38,2.48,2.48,13440866.0
2007-04-17,2.41,2.44,2.28,2.41,2.41,16216489.0
2007-04-13,2.39,2.4,2.25,2.31,2.31,14833501.0
2007-04-12,2.35,2.44,2.32,2.4,2.4,13617918.0
2007-04-11,2.33,2.44,2.27,2.35,2.35,22030218.0
2007-04-10,2.13,2.33,2.13,2.33,2.33,24852472.0
2007-04-09,2.13,2.15,2.08,2.12,2.12,14480683.0
2007-04-06,2.08,2.17,2.05,2.11,2.11,11327420.0
2007-04-05,2.05,2.13,2.04,2.11,2.11,12886155.0
2007-04-04,2.09,2.09,2.04,2.05,2.05,12320054.0
2007-04-03,2.06,2.09,2.03,2.09,2.09,26137733.0
2007-04-02,1.9,1.98,1.87,1.98,1.98,11574397.0
2007-03-30,1.85,1.92,1.85,1.9,1.9,9987078.0
2007-03-29,1.98,2.0,1.83,1.85,1.85,16771900.0
2007-03-28,1.98,2.05,1.87,1.99,1.99,17419506.0
2007-03-27,2.0,2.07,1.97,1.99,1.99,15560346.0
2007-03-23,1.89,1.99,1.87,1.96,1.96,16200973.0
2007-03-22,1.9,1.95,1.88,1.89,1.89,20606283.0
2007-03-21,1.8,1.93,1.74,1.93,1.93,21989036.0
2007-03-20,1.72,1.79,1.72,1.78,1.78,9213816.0
2007-03-19,1.65,1.76,1.62,1.72,1.72,9822134.0
2007-03-16,1.81,1.82,1.7,1.73,1.73,11759087.0
2007-03-15,1.78,1.85,1.77,1.79,1.79,11042126.0
2007-03-14,1.74,1.85,1.66,1.79,1.79,18767324.0
2007-03-13,1.81,1.82,1.75,1.76,1.76,16618784.0
2007-03-12,1.79,1.87,1.73,1.81,1.81,20391702.0
2007-03-09,1.68,1.84,1.63,1.79,1.79,27395969.0
2007-03-08,1.66,1.76,1.64,1.68,1.68,35330858.0
2007-03-07,1.53,1.63,1.52,1.63,1.63,26377819.0
2007-03-06,1.44,1.48,1.39,1.48,1.48,10474970.0
2007-03-05,1.46,1.49,1.38,1.44,1.44,10421817.0
2007-03-02,1.4,1.48,1.4,1.46,1.46,10399832.0
2007-03-01,1.49,1.5,1.36,1.4,1.4,13798430.0
2007-02-28,1.36,1.5,1.36,1.49,1.49,14155338.0
2007-02-27,1.57,1.64,1.41,1.41,1.41,19640578.0
2007-02-26,1.46,1.57,1.43,1.56,1.56,9723585.0
2007-02-16,1.45,1.5,1.43,1.45,1.45,10299930.0
2007-02-15,1.4,1.45,1.38,1.45,1.45,13380663.0
2007-02-14,1.39,1.42,1.38,1.4,1.4,9382067.0
2007-02-13,1.41,1.41,1.36,1.38,1.38,8763484.0
2007-02-12,1.35,1.41,1.32,1.4,1.4,11484935.0
2007-02-09,1.34,1.39,1.32,1.34,1.34,14462857.0
2007-02-07,1.31,1.34,1.29,1.32,1.32,11234621.0
2007-02-06,1.34,1.34,1.28,1.31,1.31,11293806.0
2007-02-05,1.28,1.32,1.26,1.31,1.31,17932030.0
2007-02-02,1.23,1.27,1.2,1.26,1.26,15606414.0
2007-02-01,1.2,1.25,1.15,1.23,1.23,12154981.0
2007-01-31,1.22,1.32,1.2,1.2,1.2,16470318.0
2007-01-30,1.3,1.3,1.21,1.23,1.23,12379387.0
2007-01-29,1.24,1.29,1.23,1.27,1.27,12205581.0
2007-01-26,1.17,1.23,1.13,1.23,1.23,12611140.0
2007-01-25,1.32,1.32,1.2,1.21,1.21,15182378.0
2007-01-24,1.32,1.36,1.3,1.33,1.33,11404423.0
2007-01-23,1.27,1.39,1.23,1.35,1.35,24161884.0
2007-01-22,1.2,1.29,1.19,1.27,1.27,14690811.0
2007-01-19,1.16,1.2,1.16,1.18,1.18,14100264.0
2007-01-18,1.13,1.17,1.09,1.16,1.16,12806731.0
2007-01-17,1.19,1.19,1.09,1.13,1.13,18096432.0
2007-01-16,1.19,1.21,1.15,1.17,1.17,15948348.0
2007-01-15,1.09,1.19,1.09,1.18,1.18,22965612.0
2007-01-12,1.05,1.16,1.05,1.09,1.09,28477233.0
2007-01-11,1.07,1.12,1.06,1.06,1.06,21471335.0
2007-01-10,1.01,1.11,1.0,1.08,1.08,20650002.0
2007-01-09,1.0,1.03,0.99,1.01,1.01,14148855.0
2007-01-08,0.95,1.01,0.94,1.0,1.0,12032721.0
2007-01-05,0.92,0.95,0.92,0.95,0.95,4416252.0
2007-01-04,0.93,0.96,0.91,0.92,0.92,7326375.0
2006-12-28,0.94,0.95,0.91,0.91,0.91,6843587.0
2006-12-27,0.95,0.96,0.93,0.94,0.94,5527246.0
2006-12-26,0.98,0.98,0.93,0.96,0.96,5184057.0
2006-12-25,0.95,0.99,0.95,0.97,0.97,6898012.0
2006-12-22,0.97,0.97,0.94,0.95,0.95,7165671.0
2006-12-21,1.0,1.02,0.97,0.97,0.97,11920508.0
2006-12-20,0.97,1.01,0.96,1.0,1.0,12645078.0
2006-12-19,0.99,0.99,0.95,0.98,0.98,9847858.0
2006-12-18,0.96,1.0,0.95,0.99,0.99,12522680.0
2006-12-15,0.96,0.98,0.95,0.95,0.95,7088910.0
2006-12-14,0.93,0.97,0.91,0.96,0.96,8974746.0
2006-12-13,0.91,0.92,0.9,0.91,0.91,3605019.0
2006-12-12,0.93,0.93,0.9,0.91,0.91,4339543.0
2006-12-11,0.89,0.93,0.89,0.93,0.93,3952865.0
2006-12-08,0.93,0.94,0.9,0.9,0.9,7042719.0
2006-12-07,0.94,0.97,0.93,0.94,0.94,12004838.0
2006-12-06,0.99,0.99,0.93,0.96,0.96,11462173.0
2006-12-05,1.0,1.01,0.98,0.99,0.99,9724410.0
2006-12-04,0.99,1.03,0.97,1.01,1.01,11546678.0
2006-12-01,0.96,1.01,0.95,0.99,0.99,16323587.0
2006-11-30,0.96,0.97,0.94,0.96,0.96,10329523.0
2006-11-29,0.93,0.95,0.91,0.95,0.95,6989194.0
2006-11-28,0.94,0.97,0.93,0.95,0.95,6349087.0
2006-11-27,0.91,0.96,0.91,0.95,0.95,11255662.0
2006-11-23,0.91,0.93,0.9,0.91,0.91,6961929.0
2006-11-22,0.9,0.92,0.9,0.91,0.91,9492289.0
2006-11-21,0.93,0.93,0.88,0.9,0.9,10129663.0
2006-11-20,0.93,0.94,0.91,0.93,0.93,4858965.0
2006-11-17,0.92,0.95,0.9,0.93,0.93,6347810.0
2006-11-16,0.94,0.95,0.92,0.92,0.92,4692021.0
2006-11-15,0.93,0.96,0.91,0.95,0.95,6388721.0
2006-11-14,0.95,0.96,0.9,0.93,0.93,8541299.0
2006-11-13,0.98,0.98,0.93,0.96,0.96,6467678.0
2006-11-10,0.99,1.0,0.95,0.99,0.99,7248380.0
2006-11-09,0.98,1.0,0.96,0.99,0.99,4559233.0
2006-11-08,1.01,1.01,0.96,0.99,0.99,5419988.0
2006-11-07,1.01,1.04,0.99,1.0,1.0,6579991.0
2006-11-06,0.95,1.03,0.94,1.03,1.03,11984351.0
2006-11-03,0.95,0.95,0.93,0.95,0.95,6000861.0
2006-11-02,0.98,0.98,0.93,0.95,0.95,5880310.0
2006-11-01,0.98,0.99,0.96,0.98,0.98,3389560.0
2006-10-31,0.95,0.99,0.94,0.98,0.98,5845338.0
2006-10-30,0.96,0.98,0.92,0.95,0.95,8191945.0
2006-10-27,1.02,1.02,0.95,0.96,0.96,10208779.0
2006-10-26,1.04,1.07,1.02,1.03,1.03,8020410.0
2006-10-25,1.06,1.08,1.03,1.04,1.04,10011553.0
2006-10-24,1.03,1.08,1.0,1.06,1.06,10064107.0
2006-10-23,1.05,1.11,1.01,1.01,1.01,14093992.0
2006-10-20,1.02,1.09,1.02,1.05,1.05,13053717.0
2006-10-19,1.0,1.06,0.98,1.03,1.03,12205583.0
2006-10-18,1.0,1.02,0.97,1.0,1.0,12377024.0
2006-10-17,0.92,1.01,0.89,1.01,1.01,20736884.0
2006-10-16,1.01,1.04,0.91,0.92,0.92,15530476.0
2006-10-12,1.05,1.06,1.0,1.01,1.01,10546942.0
2006-10-11,1.01,1.09,1.0,1.05,1.05,15891900.0
2006-10-10,0.97,1.02,0.96,1.0,1.0,12729590.0
2006-10-09,0.97,0.98,0.95,0.97,0.97,8800648.0
2006-09-29,0.96,0.99,0.95,0.97,0.97,10884325.0
2006-09-28,0.96,0.97,0.93,0.96,0.96,7750072.0
2006-09-27,0.97,0.98,0.94,0.96,0.96,10836829.0
2006-09-26,0.99,0.99,0.95,0.95,0.95,16403940.0
2006-09-22,0.91,0.99,0.9,0.97,0.97,30129594.0
2006-09-21,0.93,0.93,0.89,0.91,0.91,13006894.0
2006-09-20,0.89,0.92,0.88,0.92,0.92,16904321.0
2006-09-19,0.9,0.96,0.88,0.91,0.91,35726154.0
2006-09-18,0.79,0.87,0.78,0.87,0.87,19716361.0
2006-09-15,0.78,0.8,0.78,0.79,0.79,2716099.0
2006-09-14,0.78,0.79,0.77,0.78,0.78,2908995.0
2006-09-13,0.8,0.81,0.78,0.79,0.79,2252190.0
2006-09-12,0.79,0.8,0.79,0.79,0.79,1970874.0
2006-09-11,0.8,0.8,0.78,0.8,0.8,2279473.0
2006-09-08,0.79,0.81,0.79,0.8,0.8,2647786.0
2006-09-07,0.81,0.81,0.78,0.79,0.79,3659615.0
2006-09-06,0.8,0.81,0.79,0.81,0.81,7257893.0
2006-09-05,0.78,0.8,0.77,0.79,0.79,4222834.0
2006-09-04,0.77,0.78,0.76,0.78,0.78,2649796.0
2006-09-01,0.79,0.8,0.77,0.77,0.77,3904600.0
2006-08-30,0.79,0.79,0.78,0.79,0.79,2901330.0
2006-08-29,0.8,0.81,0.79,0.79,0.79,5130900.0
2006-08-28,0.8,0.81,0.79,0.81,0.81,4208322.0
2006-08-25,0.8,0.81,0.78,0.78,0.78,5406229.0
2006-08-24,0.78,0.8,0.77,0.79,0.79,6486850.0
2006-08-23,0.78,0.8,0.77,0.78,0.78,7135382.0
2006-08-22,0.75,0.79,0.75,0.78,0.78,5986568.0
2006-08-21,0.74,0.76,0.73,0.75,0.75,4638313.0
2006-08-18,0.77,0.79,0.76,0.76,0.76,5691755.0
2006-08-17,0.75,0.77,0.74,0.77,0.77,5355710.0
2006-08-16,0.73,0.76,0.72,0.76,0.76,3628165.0
2006-08-15,0.73,0.74,0.72,0.73,0.73,2021987.0
2006-08-14,0.76,0.76,0.71,0.72,0.72,2746183.0
2006-08-11,0.74,0.76,0.73,0.75,0.75,2823216.0
2006-08-10,0.73,0.75,0.72,0.74,0.74,2221012.0
2006-08-09,0.74,0.74,0.72,0.73,0.73,1823521.0
2006-08-08,0.71,0.74,0.71,0.74,0.74,3437850.0
2006-08-07,0.74,0.74,0.7,0.71,0.71,3741728.0
2006-08-04,0.77,0.81,0.74,0.74,0.74,6484827.0
2006-08-03,0.77,0.8,0.76,0.79,0.79,7044140.0
2006-08-02,0.77,0.78,0.76,0.77,0.77,6451793.0
2006-08-01,0.8,0.81,0.77,0.77,0.77,5772181.0
2006-07-31,0.84,0.85,0.8,0.8,0.8,5890656.0
2006-07-28,0.84,0.86,0.83,0.85,0.85,4733120.0
2006-07-27,0.86,0.87,0.83,0.84,0.84,4045682.0
2006-07-26,0.85,0.87,0.84,0.86,0.86,4651595.0
2006-07-25,0.83,0.85,0.83,0.85,0.85,3193523.0
2006-07-24,0.84,0.84,0.8,0.83,0.83,3284602.0
2006-07-21,0.84,0.87,0.83,0.85,0.85,4220890.0
2006-07-20,0.83,0.85,0.83,0.84,0.84,2218442.0
2006-07-19,0.86,0.86,0.82,0.83,0.83,4862376.0
2006-07-18,0.85,0.87,0.84,0.86,0.86,5301261.0
2006-07-17,0.83,0.85,0.83,0.85,0.85,4264865.0
2006-07-14,0.83,0.85,0.82,0.84,0.84,6169366.0
2006-07-13,0.92,0.93,0.83,0.84,0.84,12757560.0
2006-07-12,0.94,0.95,0.92,0.93,0.93,6469503.0
2006-07-11,0.94,0.95,0.93,0.94,0.94,4235665.0
2006-07-10,0.93,0.96,0.92,0.94,0.94,4312186.0
2006-07-07,0.97,0.98,0.93,0.93,0.93,8550414.0
2006-07-06,0.96,0.97,0.95,0.97,0.97,8075415.0
2006-07-05,0.95,0.97,0.92,0.96,0.96,7144183.0
2006-07-04,0.97,0.99,0.94,0.95,0.95,14039435.0
2006-07-03,0.99,1.0,0.96,0.97,0.97,18685899.0
2006-06-30,0.93,1.01,0.91,1.0,1.0,31649256.0
2006-06-29,0.91,0.94,0.91,0.92,0.92,12220478.0
2006-06-28,0.9,0.91,0.88,0.91,0.91,6213478.0
2006-06-27,0.91,0.92,0.88,0.9,0.9,5202582.0
2006-06-26,0.91,0.92,0.9,0.91,0.91,7043224.0
2006-06-23,0.91,0.92,0.89,0.9,0.9,7783511.0
2006-06-22,0.88,0.91,0.87,0.91,0.91,11979104.0
2006-06-21,0.84,0.9,0.83,0.88,0.88,9093220.0
2006-06-20,0.86,0.86,0.84,0.85,0.85,3878107.0
2006-06-19,0.86,0.87,0.84,0.86,0.86,4076002.0
2006-06-16,0.83,0.86,0.83,0.86,0.86,3806335.0
2006-06-15,0.83,0.85,0.81,0.83,0.83,3979385.0
2006-06-14,0.87,0.87,0.82,0.83,0.83,4954501.0
2006-06-13,0.86,0.89,0.85,0.87,0.87,5026484.0
2006-06-12,0.89,0.89,0.83,0.86,0.86,6427655.0
2006-06-09,0.93,0.97,0.89,0.89,0.89,18133172.0
2006-06-08,0.85,0.92,0.84,0.92,0.92,26297695.0
2006-06-07,0.9,0.91,0.82,0.83,0.83,11183143.0
2006-06-06,0.96,0.97,0.91,0.91,0.91,8485961.0
2006-06-05,0.92,0.95,0.91,0.95,0.95,9006176.0
2006-06-02,0.88,0.95,0.88,0.92,0.92,19971557.0
2006-06-01,0.85,0.89,0.85,0.88,0.88,9254055.0
2006-05-31,0.89,0.89,0.85,0.86,0.86,6918113.0
2006-05-30,0.87,0.9,0.85,0.89,0.89,9033360.0
2006-05-26,0.85,0.85,0.83,0.84,0.84,4445564.0
2006-05-25,0.81,0.84,0.81,0.84,0.84,3877098.0
2006-05-24,0.83,0.86,0.8,0.82,0.82,6789301.0
2006-05-23,0.91,0.91,0.83,0.83,0.83,9939850.0
2006-05-22,0.87,0.93,0.87,0.91,0.91,11998616.0
2006-05-19,0.85,0.88,0.85,0.87,0.87,9626076.0
2006-05-18,0.86,0.86,0.83,0.85,0.85,6864845.0
2006-05-17,0.85,0.89,0.83,0.87,0.87,13297135.0
2006-05-16,0.96,0.96,0.87,0.87,0.87,17313022.0
2006-05-15,0.98,1.01,0.91,0.96,0.96,17698431.0
2006-05-12,0.92,0.99,0.89,0.97,0.97,17712000.0
2006-05-11,0.94,1.02,0.92,0.93,0.93,27690917.0
2006-05-10,0.84,0.93,0.81,0.93,0.93,27042233.0
2006-05-09,0.86,0.86,0.82,0.84,0.84,15701609.0
2006-05-08,0.85,0.9,0.82,0.86,0.86,21474478.0
2006-04-28,0.77,0.85,0.74,0.84,0.84,19504762.0
2006-04-27,0.8,0.84,0.74,0.78,0.78,20396900.0
2006-04-26,0.88,0.92,0.81,0.82,0.82,51157567.0
2006-04-25,0.78,0.84,0.78,0.84,0.84,22657302.0
2006-04-24,0.73,0.76,0.72,0.76,0.76,37245546.0
2006-04-21,0.68,0.7,0.68,0.69,0.69,11550010.0
2006-04-20,0.71,0.71,0.68,0.68,0.68,4560420.0
2006-04-19,0.72,0.73,0.7,0.71,0.71,5520300.0
2006-04-18,0.69,0.72,0.69,0.7,0.7,2995355.0
2006-04-17,0.7,0.71,0.69,0.7,0.7,3679539.0
2006-04-14,0.69,0.72,0.68,0.71,0.71,4317770.0
2006-04-13,0.72,0.72,0.69,0.69,0.69,5756356.0
2006-04-12,0.72,0.73,0.71,0.72,0.72,5438097.0
2006-04-11,0.72,0.72,0.7,0.72,0.72,7049533.0
2006-04-10,0.7,0.72,0.69,0.72,0.72,8407508.0
2006-04-07,0.68,0.7,0.68,0.7,0.7,4683498.0
2006-04-06,0.7,0.71,0.68,0.69,0.69,4701043.0
2006-04-05,0.69,0.71,0.69,0.7,0.7,4548337.0
2006-04-04,0.69,0.69,0.68,0.69,0.69,3660922.0
2006-04-03,0.69,0.7,0.67,0.69,0.69,4274434.0
2006-03-31,0.7,0.71,0.68,0.69,0.69,5145849.0
2006-03-30,0.73,0.73,0.7,0.7,0.7,4915025.0
2006-03-29,0.73,0.75,0.72,0.73,0.73,5646429.0
2006-03-28,0.73,0.74,0.72,0.73,0.73,4863732.0
2006-03-27,0.74,0.76,0.72,0.73,0.73,6746234.0
2006-03-24,0.71,0.75,0.7,0.75,0.75,14215129.0
2006-03-23,0.73,0.73,0.7,0.72,0.72,9369849.0
2006-03-22,0.76,0.76,0.72,0.73,0.73,19043942.0
2006-03-21,0.67,0.74,0.67,0.74,0.74,34657020.0
2006-03-20,0.67,0.67,0.66,0.67,0.67,4944650.0
2006-03-17,0.67,0.67,0.66,0.67,0.67,971749.0
2006-03-16,0.67,0.68,0.66,0.67,0.67,1229181.0
2006-03-15,0.67,0.68,0.66,0.67,0.67,1599755.0
2006-03-14,0.69,0.69,0.66,0.67,0.67,1860039.0
2006-03-13,0.68,0.7,0.67,0.69,0.69,1049501.0
2006-03-10,0.67,0.69,0.67,0.68,0.68,685505.0
2006-03-09,0.68,0.68,0.67,0.67,0.67,833670.0
2006-03-08,0.69,0.7,0.67,0.68,0.68,1462850.0
2006-03-07,0.67,0.71,0.67,0.69,0.69,4241425.0
2006-03-06,0.68,0.69,0.67,0.67,0.67,677600.0
2006-03-03,0.69,0.7,0.68,0.69,0.69,887089.0
2006-03-02,0.71,0.71,0.69,0.69,0.69,1694593.0
2006-03-01,0.7,0.71,0.7,0.71,0.71,1247934.0
2006-02-28,0.71,0.71,0.69,0.7,0.7,1320295.0
2006-02-27,0.71,0.72,0.71,0.71,0.71,1627830.0
2006-02-24,0.71,0.72,0.7,0.71,0.71,1031804.0
2006-02-23,0.71,0.73,0.7,0.71,0.71,1213290.0
2006-02-22,0.71,0.74,0.71,0.72,0.72,1450008.0
2006-02-21,0.7,0.72,0.7,0.71,0.71,983984.0
2006-02-20,0.7,0.72,0.7,0.7,0.7,755667.0
2006-02-17,0.71,0.72,0.7,0.7,0.7,1292542.0
2006-02-16,0.74,0.74,0.7,0.71,0.71,2783768.0
2006-02-15,0.75,0.75,0.74,0.74,0.74,1622822.0
2006-02-14,0.75,0.75,0.74,0.74,0.74,2175131.0
2006-02-13,0.75,0.75,0.74,0.75,0.75,1573916.0
2006-02-10,0.75,0.76,0.74,0.75,0.75,2475650.0
2006-02-09,0.76,0.79,0.75,0.75,0.75,3806830.0
2006-02-08,0.74,0.78,0.74,0.77,0.77,6263336.0
2006-02-07,0.74,0.75,0.73,0.74,0.74,3183346.0
2006-02-06,0.74,0.74,0.73,0.74,0.74,2780131.0
2006-01-25,0.72,0.74,0.72,0.73,0.73,1310246.0
2006-01-24,0.73,0.73,0.72,0.72,0.72,1860920.0
2006-01-23,0.74,0.75,0.72,0.73,0.73,1999032.0
2006-01-20,0.74,0.74,0.73,0.74,0.74,1997020.0
2006-01-19,0.74,0.75,0.72,0.74,0.74,2407009.0
2006-01-18,0.73,0.75,0.72,0.74,0.74,2596835.0
2006-01-17,0.73,0.74,0.72,0.73,0.73,1818316.0
2006-01-16,0.75,0.77,0.74,0.74,0.74,4209986.0
2006-01-13,0.74,0.75,0.73,0.75,0.75,2519013.0
2006-01-12,0.72,0.74,0.72,0.74,0.74,1697124.0
2006-01-11,0.75,0.75,0.72,0.72,0.72,2760817.0
2006-01-10,0.74,0.75,0.72,0.75,0.75,4054569.0
2006-01-09,0.74,0.75,0.73,0.74,0.74,3799414.0
2006-01-06,0.73,0.75,0.72,0.74,0.74,4765737.0
2006-01-05,0.72,0.74,0.71,0.73,0.73,2894036.0
2006-01-04,0.74,0.75,0.7,0.72,0.72,2997071.0
2005-12-29,0.74,0.74,0.73,0.74,0.74,2568748.0
2005-12-28,0.74,0.74,0.72,0.74,0.74,2970905.0
2005-12-27,0.76,0.77,0.72,0.74,0.74,7331599.0
2005-12-26,0.77,0.79,0.76,0.77,0.77,4818466.0
2005-12-23,0.71,0.78,0.71,0.78,0.78,9088729.0
2005-12-22,0.66,0.71,0.66,0.71,0.71,3746800.0
2005-12-21,0.67,0.68,0.66,0.66,0.66,2193005.0
2005-12-20,0.67,0.68,0.67,0.68,0.68,556481.0
2005-12-19,0.68,0.68,0.67,0.68,0.68,798959.0
2005-12-16,0.67,0.68,0.67,0.68,0.68,1310085.0
2005-12-15,0.67,0.67,0.66,0.67,0.67,999741.0
2005-12-14,0.67,0.68,0.66,0.67,0.67,789770.0
2005-12-13,0.68,0.68,0.66,0.67,0.67,568664.0
2005-12-12,0.68,0.68,0.67,0.67,0.67,762405.0
2005-12-09,0.66,0.68,0.66,0.68,0.68,670315.0
2005-12-08,0.67,0.68,0.66,0.66,0.66,460027.0
2005-12-07,0.67,0.69,0.66,0.68,0.68,1320375.0
2005-12-06,0.67,0.68,0.66,0.66,0.66,1029575.0
2005-12-05,0.7,0.71,0.67,0.67,0.67,1184670.0
2005-12-02,0.69,0.7,0.69,0.69,0.69,845243.0
2005-12-01,0.69,0.7,0.69,0.69,0.69,2545919.0
2005-11-30,0.7,0.71,0.69,0.7,0.7,1581416.0
2005-11-29,0.7,0.71,0.69,0.7,0.7,1378052.0
2005-11-28,0.71,0.72,0.69,0.7,0.7,1767323.0
2005-11-25,0.7,0.71,0.7,0.7,0.7,2377841.0
2005-11-24,0.69,0.72,0.69,0.71,0.71,6181024.0
2005-11-03,0.69,0.69,0.66,0.67,0.67,1897599.0
2005-11-02,0.69,0.71,0.69,0.69,0.69,1400730.0
2005-11-01,0.68,0.72,0.68,0.7,0.7,999385.0
2005-10-31,0.68,0.71,0.68,0.69,0.69,893914.0
2005-10-28,0.69,0.7,0.66,0.69,0.69,1331967.0
2005-10-27,0.69,0.71,0.69,0.69,0.69,704238.0
2005-10-26,0.73,0.73,0.69,0.69,0.69,1226000.0
2005-10-25,0.75,0.78,0.73,0.73,0.73,1909800.0
2005-10-24,0.76,0.77,0.75,0.75,0.75,3383383.0
2005-10-21,0.8,0.8,0.74,0.75,0.75,4789586.0
2005-10-20,0.77,0.77,0.76,0.77,0.77,2170418.0
2005-09-30,0.71,0.71,0.69,0.7,0.7,1332920.0
2005-09-29,0.7,0.72,0.69,0.71,0.71,1489725.0
2005-09-28,0.7,0.72,0.69,0.7,0.7,2453143.0
2005-09-27,0.74,0.75,0.69,0.7,0.7,2797240.0
2005-09-26,0.75,0.75,0.72,0.74,0.74,2561032.0
2005-09-23,0.8,0.81,0.73,0.76,0.76,7067906.0
2005-09-22,0.8,0.83,0.77,0.81,0.81,12496747.0
2005-09-21,0.73,0.8,0.73,0.8,0.8,14049317.0
2005-09-20,0.73,0.73,0.71,0.73,0.73,1190379.0
2005-09-19,0.73,0.74,0.73,0.73,0.73,2079180.0
2005-09-16,0.73,0.74,0.73,0.73,0.73,1188740.0
2005-09-15,0.73,0.75,0.73,0.74,0.74,1868226.0
2005-09-14,0.71,0.73,0.71,0.73,0.73,1426207.0
2005-09-13,0.7,0.71,0.7,0.71,0.71,702130.0
2005-09-12,0.7,0.71,0.69,0.69,0.69,273759.0
2005-09-09,0.71,0.71,0.69,0.7,0.7,509320.0
2005-09-08,0.7,0.72,0.7,0.71,0.71,528120.0
2005-09-07,0.69,0.71,0.69,0.71,0.71,796438.0
2005-09-06,0.72,0.72,0.68,0.69,0.69,738599.0
2005-09-05,0.72,0.73,0.71,0.72,0.72,607500.0
2005-09-02,0.71,0.73,0.71,0.72,0.72,823720.0
2005-09-01,0.68,0.73,0.68,0.72,0.72,1275217.0
2005-08-31,0.68,0.69,0.68,0.68,0.68,594333.0
2005-08-30,0.7,0.7,0.67,0.68,0.68,391380.0
2005-08-29,0.7,0.71,0.69,0.7,0.7,429760.0
2005-08-26,0.7,0.7,0.7,0.7,0.7,500420.0
2005-08-25,0.69,0.7,0.68,0.7,0.7,513341.0
2005-08-24,0.68,0.7,0.68,0.68,0.68,323960.0
2005-08-23,0.68,0.68,0.67,0.68,0.68,291962.0
2005-08-22,0.67,0.68,0.67,0.68,0.68,542416.0
2005-08-19,0.68,0.71,0.67,0.67,0.67,695199.0
2005-08-18,0.72,0.73,0.69,0.69,0.69,1341701.0
2005-08-17,0.71,0.73,0.71,0.72,0.72,1451360.0
2005-08-16,0.73,0.73,0.69,0.71,0.71,1570440.0
2005-08-15,0.72,0.73,0.69,0.73,0.73,1418998.0
2005-08-12,0.75,0.79,0.72,0.72,0.72,2169960.0
2005-08-11,0.76,0.77,0.74,0.75,0.75,2592515.0
2005-08-10,0.74,0.78,0.74,0.77,0.77,4207683.0
2005-08-09,0.72,0.76,0.72,0.76,0.76,2723886.0
2005-08-08,0.72,0.74,0.71,0.73,0.73,1309386.0
2005-08-05,0.71,0.73,0.7,0.72,0.72,926040.0
2005-08-04,0.71,0.73,0.7,0.72,0.72,875826.0
2005-08-03,0.71,0.73,0.71,0.72,0.72,525100.0
2005-08-02,0.71,0.71,0.7,0.71,0.71,253586.0
2005-08-01,0.71,0.73,0.7,0.71,0.71,474170.0
2005-07-29,0.69,0.73,0.69,0.71,0.71,591662.0
2005-07-28,0.69,0.73,0.68,0.7,0.7,478990.0
2005-07-27,0.68,0.69,0.67,0.68,0.68,285610.0
2005-07-26,0.67,0.68,0.67,0.68,0.68,202380.0
2005-07-25,0.67,0.68,0.66,0.67,0.67,94100.0
2005-07-22,0.66,0.67,0.66,0.66,0.66,157450.0
2005-07-21,0.67,0.67,0.65,0.66,0.66,82860.0
2005-07-20,0.67,0.68,0.65,0.66,0.66,120629.0
2005-07-19,0.67,0.68,0.66,0.66,0.66,76220.0
2005-07-18,0.68,0.69,0.66,0.66,0.66,82060.0
2005-07-15,0.7,0.72,0.69,0.69,0.69,192928.0
2005-07-14,0.69,0.73,0.69,0.7,0.7,306162.0
2005-07-13,0.69,0.71,0.68,0.69,0.69,244823.0
2005-07-12,0.68,0.69,0.67,0.69,0.69,263628.0
2005-07-11,0.68,0.69,0.67,0.67,0.67,113100.0
2005-07-08,0.7,0.7,0.67,0.68,0.68,303340.0
2005-07-07,0.7,0.71,0.69,0.7,0.7,105161.0
2005-07-06,0.71,0.72,0.7,0.7,0.7,106701.0
2005-07-05,0.72,0.73,0.71,0.72,0.72,110848.0
2005-07-04,0.72,0.72,0.69,0.72,0.72,231904.0
2005-07-01,0.73,0.74,0.71,0.72,0.72,197601.0
2005-06-30,0.73,0.75,0.72,0.72,0.72,412996.0
2005-06-29,0.71,0.74,0.71,0.73,0.73,372171.0
2005-06-28,0.73,0.73,0.71,0.71,0.71,171934.0
2005-06-27,0.72,0.75,0.71,0.73,0.73,754379.0
2005-06-24,0.71,0.73,0.7,0.72,0.72,309729.0
2005-06-23,0.73,0.73,0.68,0.71,0.71,531303.0
2005-06-22,0.74,0.75,0.71,0.73,0.73,172837.0
2005-06-21,0.74,0.75,0.73,0.73,0.73,266101.0
2005-06-20,0.75,0.76,0.73,0.74,0.74,375099.0
2005-06-17,0.76,0.76,0.73,0.75,0.75,115612.0
2005-06-16,0.76,0.76,0.7,0.75,0.75,258690.0
2005-06-15,0.76,0.8,0.75,0.75,0.75,604600.0
2005-06-14,0.76,0.8,0.76,0.76,0.76,425100.0
2005-06-13,0.77,0.77,0.74,0.75,0.75,149100.0
2005-06-10,0.74,0.79,0.74,0.78,0.78,756599.0
2005-06-09,0.76,0.77,0.74,0.74,0.74,420724.0
2005-06-08,0.71,0.78,0.71,0.76,0.76,484641.0
2005-06-07,0.72,0.73,0.71,0.71,0.71,203500.0
2005-06-06,0.71,0.73,0.71,0.72,0.72,171846.0
2005-06-03,0.7,0.72,0.7,0.71,0.71,151691.0
2005-06-02,0.7,0.7,0.69,0.69,0.69,52600.0
2005-06-01,0.7,0.71,0.69,0.7,0.7,90273.0
2005-05-31,0.69,0.77,0.69,0.7,0.7,145199.0
2005-05-30,0.73,0.73,0.67,0.71,0.71,327719.0
2005-05-26,0.77,0.77,0.73,0.73,0.73,410500.0
2005-05-25,0.8,0.82,0.76,0.77,0.77,452018.0
2005-05-24,0.79,0.81,0.79,0.8,0.8,304848.0
2005-05-23,0.81,0.82,0.79,0.8,0.8,496750.0
2005-05-20,0.84,0.84,0.8,0.81,0.81,465550.0
2005-05-19,0.8,0.82,0.79,0.81,0.81,682360.0
2005-05-18,0.76,0.82,0.76,0.8,0.8,591211.0
2005-05-17,0.75,0.78,0.75,0.76,0.76,160000.0
2005-05-16,0.73,0.79,0.73,0.75,0.75,103000.0
2005-05-13,0.73,0.74,0.73,0.73,0.73,73902.0
2005-05-12,0.75,0.75,0.73,0.73,0.73,133700.0
2005-05-11,0.74,0.76,0.74,0.76,0.76,116700.0
2005-05-10,0.74,0.75,0.73,0.74,0.74,109600.0
2005-05-09,0.75,0.75,0.73,0.74,0.74,56900.0
2005-04-29,0.75,0.75,0.74,0.74,0.74,77780.0
2005-04-28,0.74,0.75,0.73,0.75,0.75,180800.0
2005-04-27,0.75,0.76,0.74,0.74,0.74,143001.0
2005-04-26,0.77,0.77,0.74,0.75,0.75,275001.0
2005-04-25,0.72,0.72,0.71,0.72,0.72,68900.0
2005-04-22,0.72,0.72,0.7,0.72,0.72,138400.0
2005-04-21,0.73,0.73,0.69,0.71,0.71,140640.0
2005-04-20,0.73,0.74,0.72,0.73,0.73,166624.0
2005-04-19,0.73,0.74,0.73,0.74,0.74,171200.0
2005-04-18,0.74,0.75,0.73,0.73,0.73,255852.0
2005-04-15,0.77,0.77,0.74,0.74,0.74,178700.0
2005-04-14,0.79,0.8,0.78,0.78,0.78,234100.0
2005-04-13,0.78,0.82,0.78,0.79,0.79,352100.0
2005-04-12,0.79,0.8,0.78,0.78,0.78,113500.0
2005-04-11,0.78,0.8,0.78,0.8,0.8,174000.0
2005-04-08,0.77,0.79,0.76,0.79,0.79,180188.0
2005-04-07,0.76,0.78,0.76,0.78,0.78,303297.0
2005-04-06,0.75,0.77,0.74,0.77,0.77,305099.0
2005-04-05,0.76,0.76,0.75,0.75,0.75,165200.0
2005-04-04,0.77,0.77,0.75,0.76,0.76,149600.0
2005-04-01,0.74,0.8,0.74,0.77,0.77,411010.0
2005-03-31,0.73,0.74,0.73,0.74,0.74,95500.0
2005-03-30,0.75,0.75,0.73,0.73,0.73,208900.0
2005-03-29,0.75,0.76,0.75,0.75,0.75,170420.0
2005-03-28,0.75,0.76,0.75,0.75,0.75,162548.0
2005-03-25,0.75,0.76,0.75,0.75,0.75,159702.0
2005-03-24,0.75,0.76,0.74,0.75,0.75,276600.0
2005-03-23,0.74,0.76,0.74,0.75,0.75,155800.0
2005-03-22,0.76,0.76,0.73,0.74,0.74,146099.0
2005-03-21,0.78,0.78,0.75,0.76,0.76,188600.0
2005-03-18,0.78,0.79,0.76,0.78,0.78,558428.0
2005-03-17,0.79,0.8,0.78,0.78,0.78,239400.0
2005-03-16,0.79,0.81,0.78,0.79,0.79,378800.0
2005-03-15,0.8,0.81,0.78,0.79,0.79,378400.0
2005-03-14,0.8,0.82,0.78,0.81,0.81,230201.0
2005-03-11,0.79,0.8,0.78,0.8,0.8,212300.0
2005-03-10,0.81,0.82,0.79,0.79,0.79,402600.0
2005-03-09,0.83,0.83,0.81,0.82,0.82,385100.0
2005-03-08,0.81,0.85,0.8,0.84,0.84,525100.0
2005-03-07,0.8,0.82,0.8,0.81,0.81,251800.0
2005-03-04,0.82,0.82,0.79,0.8,0.8,247900.0
2005-03-03,0.81,0.82,0.79,0.81,0.81,222900.0
2005-03-02,0.83,0.84,0.8,0.81,0.81,514500.0
2005-03-01,0.82,0.84,0.82,0.84,0.84,328100.0
2005-02-28,0.83,0.84,0.81,0.82,0.82,162600.0
2005-02-25,0.85,0.86,0.83,0.83,0.83,366500.0
2005-02-24,0.82,0.87,0.81,0.85,0.85,766168.0
2005-02-23,0.82,0.83,0.81,0.83,0.83,131327.0
2005-02-22,0.81,0.84,0.8,0.83,0.83,428792.0
2005-02-21,0.79,0.82,0.79,0.81,0.81,434828.0
2005-02-18,0.79,0.8,0.78,0.79,0.79,335700.0
2005-02-17,0.79,0.8,0.79,0.79,0.79,150800.0
2005-02-16,0.79,0.79,0.79,0.79,0.79,150000.0
2005-02-04,0.77,0.8,0.77,0.78,0.78,258827.0
2005-02-03,0.77,0.8,0.76,0.77,0.77,396500.0
2005-02-02,0.74,0.77,0.73,0.76,0.76,318600.0
2005-02-01,0.74,0.75,0.73,0.74,0.74,75600.0
2005-01-31,0.75,0.75,0.73,0.73,0.73,26900.0
2005-01-28,0.73,0.74,0.73,0.74,0.74,77552.0
2005-01-27,0.74,0.76,0.73,0.73,0.73,134700.0
2005-01-26,0.74,0.75,0.74,0.74,0.74,81700.0
2005-01-25,0.74,0.75,0.74,0.74,0.74,86900.0
2005-01-24,0.73,0.75,0.73,0.74,0.74,162166.0
2005-01-21,0.72,0.72,0.72,0.72,0.72,105420.0
2005-01-20,0.72,0.73,0.72,0.72,0.72,96000.0
2005-01-19,0.72,0.72,0.72,0.72,0.72,141490.0
2005-01-18,0.73,0.73,0.71,0.72,0.72,142550.0
2005-01-17,0.75,0.76,0.73,0.73,0.73,162200.0
2005-01-14,0.76,0.76,0.75,0.75,0.75,83800.0
2005-01-13,0.77,0.77,0.75,0.76,0.76,62725.0
2005-01-12,0.77,0.77,0.76,0.76,0.76,62400.0
2005-01-11,0.76,0.77,0.76,0.77,0.77,78200.0
2005-01-10,0.76,0.77,0.76,0.76,0.76,39300.0
2005-01-07,0.76,0.77,0.76,0.76,0.76,105100.0
2005-01-06,0.77,0.77,0.75,0.76,0.76,89000.0
2005-01-05,0.77,0.77,0.75,0.77,0.77,126799.0
2005-01-04,0.77,0.77,0.76,0.76,0.76,43600.0
2004-12-31,0.77,0.78,0.77,0.77,0.77,99361.0
2004-12-30,0.77,0.77,0.76,0.77,0.77,72400.0
2004-12-29,0.77,0.77,0.76,0.76,0.76,45899.0
2004-12-28,0.77,0.78,0.76,0.76,0.76,115390.0
2004-12-27,0.77,0.78,0.77,0.77,0.77,83300.0
2004-12-24,0.77,0.78,0.76,0.77,0.77,775003.0
2004-12-23,0.77,0.78,0.76,0.77,0.77,1248162.0
2004-12-22,0.77,0.78,0.74,0.77,0.77,375899.0
2004-12-21,0.77,0.77,0.76,0.77,0.77,158135.0
2004-12-20,0.78,0.78,0.76,0.77,0.77,126200.0
2004-12-17,0.78,0.78,0.77,0.78,0.78,84590.0
2004-12-16,0.77,0.79,0.77,0.77,0.77,305000.0
2004-12-15,0.77,0.77,0.76,0.77,0.77,138400.0
2004-12-14,0.77,0.77,0.76,0.77,0.77,75399.0
2004-12-13,0.77,0.78,0.75,0.77,0.77,171410.0
2004-12-10,0.78,0.79,0.77,0.77,0.77,142099.0
2004-12-09,0.78,0.79,0.78,0.78,0.78,225974.0
2004-12-08,0.78,0.78,0.77,0.78,0.78,111730.0
2004-12-07,0.78,0.79,0.77,0.77,0.77,181557.0
2004-12-06,0.77,0.8,0.77,0.78,0.78,311700.0
2004-12-03,0.77,0.78,0.77,0.77,0.77,298600.0
2004-12-02,0.78,0.78,0.76,0.77,0.77,358461.0
2004-12-01,0.77,0.79,0.76,0.78,0.78,975679.0
2004-11-29,0.82,0.82,0.77,0.78,0.78,301902.0
2004-11-26,0.84,0.84,0.81,0.82,0.82,279000.0
2004-11-25,0.84,0.85,0.81,0.84,0.84,441488.0
2004-11-24,0.79,0.86,0.79,0.85,0.85,1208620.0
2004-11-23,0.81,0.81,0.79,0.79,0.79,324590.0
2004-11-22,0.81,0.82,0.8,0.81,0.81,335000.0
2004-11-19,0.82,0.83,0.81,0.83,0.83,203300.0
2004-11-18,0.8,0.84,0.8,0.83,0.83,479500.0
2004-11-17,0.82,0.82,0.78,0.8,0.8,206360.0
2004-11-16,0.82,0.84,0.81,0.82,0.82,475440.0
2004-11-15,0.82,0.86,0.82,0.84,0.84,413299.0
2004-11-12,0.81,0.88,0.81,0.84,0.84,915887.0
2004-11-11,0.8,0.85,0.8,0.81,0.81,698500.0
2004-11-10,0.79,0.82,0.78,0.8,0.8,503139.0
2004-11-09,0.78,0.8,0.78,0.79,0.79,289000.0
2004-11-08,0.77,0.78,0.77,0.78,0.78,148125.0
2004-11-05,0.77,0.78,0.76,0.77,0.77,163300.0
2004-11-04,0.8,0.8,0.76,0.78,0.78,252700.0
2004-11-03,0.77,0.81,0.77,0.8,0.8,402802.0
2004-11-02,0.76,0.78,0.76,0.77,0.77,178546.0
2004-11-01,0.79,0.8,0.76,0.76,0.76,443500.0
2004-10-29,0.73,0.79,0.72,0.79,0.79,1182801.0
2004-10-28,0.73,0.75,0.72,0.72,0.72,285059.0
2004-10-27,0.76,0.76,0.71,0.74,0.74,359981.0
2004-10-26,0.76,0.76,0.75,0.75,0.75,157900.0
2004-10-25,0.76,0.78,0.75,0.76,0.76,260300.0
2004-10-22,0.75,0.77,0.74,0.77,0.77,295302.0
2004-10-21,0.77,0.77,0.75,0.75,0.75,202480.0
2004-10-20,0.78,0.78,0.76,0.77,0.77,130210.0
2004-10-19,0.77,0.78,0.77,0.78,0.78,259376.0
2004-10-18,0.75,0.79,0.75,0.77,0.77,393620.0
2004-10-15,0.77,0.79,0.74,0.76,0.76,645665.0
2004-10-14,0.82,0.82,0.76,0.77,0.77,354933.0
2004-10-13,0.82,0.83,0.82,0.82,0.82,270400.0
2004-10-12,0.83,0.84,0.81,0.82,0.82,194572.0
2004-10-11,0.84,0.85,0.82,0.83,0.83,565708.0
2004-10-08,0.84,0.84,0.83,0.84,0.84,327196.0
2004-09-30,0.88,0.88,0.83,0.83,0.83,601452.0
2004-09-29,0.9,0.91,0.87,0.88,0.88,741600.0
2004-09-28,0.93,0.93,0.88,0.91,0.91,647850.0
2004-09-27,0.93,0.96,0.92,0.92,0.92,629148.0
2004-09-24,0.92,0.99,0.92,0.93,0.93,1841560.0
2004-09-23,0.89,0.95,0.89,0.93,0.93,1058691.0
2004-09-22,0.89,0.92,0.88,0.89,0.89,795455.0
2004-09-20,0.8,0.91,0.8,0.9,0.9,1125600.0
2004-09-17,0.84,0.87,0.82,0.86,0.86,778697.0
2004-09-16,0.82,0.84,0.81,0.83,0.83,624479.0
2004-09-15,0.77,0.84,0.77,0.83,0.83,774494.0
2004-09-14,0.76,0.78,0.76,0.76,0.76,222800.0
2004-09-13,0.77,0.77,0.76,0.76,0.76,180300.0
2004-09-10,0.77,0.77,0.76,0.77,0.77,140300.0
2004-09-09,0.77,0.77,0.76,0.77,0.77,108100.0
2004-09-08,0.78,0.78,0.77,0.77,0.77,97100.0
2004-09-07,0.78,0.79,0.77,0.77,0.77,103549.0
2004-09-06,0.78,0.78,0.78,0.78,0.78,86494.0
2004-09-03,0.77,0.78,0.77,0.78,0.78,73200.0
2004-09-02,0.77,0.78,0.76,0.78,0.78,165600.0
2004-09-01,0.77,0.77,0.76,0.77,0.77,66304.0
2004-08-31,0.76,0.78,0.76,0.77,0.77,201072.0
2004-08-30,0.75,0.76,0.75,0.76,0.76,83850.0
2004-08-27,0.76,0.77,0.75,0.75,0.75,62954.0
2004-08-26,0.76,0.77,0.76,0.76,0.76,107800.0
2004-08-25,0.75,0.77,0.75,0.77,0.77,134884.0
2004-08-24,0.75,0.75,0.75,0.75,0.75,107400.0
2004-08-23,0.75,0.76,0.75,0.75,0.75,76279.0
2004-08-20,0.75,0.75,0.75,0.75,0.75,47471.0
2004-08-19,0.76,0.76,0.74,0.75,0.75,99900.0
2004-08-18,0.75,0.76,0.75,0.76,0.76,68279.0
2004-08-17,0.76,0.76,0.75,0.75,0.75,109900.0
2004-08-16,0.76,0.77,0.76,0.76,0.76,66900.0
2004-08-13,0.76,0.77,0.76,0.76,0.76,65300.0
2004-08-12,0.79,0.79,0.75,0.76,0.76,152378.0
2004-08-11,0.79,0.8,0.79,0.79,0.79,78200.0
2004-08-10,0.79,0.8,0.79,0.8,0.8,72550.0
2004-08-09,0.8,0.8,0.78,0.79,0.79,80000.0
2004-08-06,0.82,0.82,0.79,0.79,0.79,172300.0
2004-08-05,0.83,0.84,0.82,0.82,0.82,249700.0
2004-08-04,0.82,0.84,0.81,0.83,0.83,184200.0
2004-08-03,0.82,0.83,0.81,0.82,0.82,113000.0
2004-08-02,0.83,0.83,0.82,0.83,0.83,68120.0
2004-07-30,0.83,0.83,0.82,0.83,0.83,86700.0
2004-07-29,0.82,0.83,0.82,0.83,0.83,102900.0
2004-07-28,0.8,0.83,0.8,0.82,0.82,169082.0
2004-07-27,0.81,0.82,0.8,0.8,0.8,96800.0
2004-07-26,0.82,0.82,0.8,0.81,0.81,102000.0
2004-07-23,0.82,0.82,0.81,0.82,0.82,81700.0
2004-07-22,0.84,0.84,0.81,0.81,0.81,148279.0
2004-07-21,0.84,0.85,0.83,0.84,0.84,209200.0
2004-07-20,0.85,0.85,0.83,0.84,0.84,215700.0
2004-07-19,0.84,0.86,0.84,0.85,0.85,349387.0
2004-07-16,0.81,0.84,0.8,0.84,0.84,285686.0
2004-07-15,0.82,0.82,0.81,0.82,0.82,78100.0
2004-07-14,0.82,0.83,0.81,0.82,0.82,83300.0
2004-07-13,0.82,0.82,0.82,0.82,0.82,91018.0
2004-07-12,0.84,0.84,0.82,0.82,0.82,99600.0
2004-07-09,0.83,0.84,0.83,0.84,0.84,108651.0
2004-07-08,0.83,0.83,0.82,0.83,0.83,49092.0
2004-07-07,0.83,0.83,0.82,0.83,0.83,87270.0
2004-07-06,0.82,0.84,0.82,0.83,0.83,112398.0
2004-07-05,0.82,0.82,0.81,0.82,0.82,78750.0
2004-07-02,0.84,0.84,0.81,0.82,0.82,118500.0
2004-07-01,0.82,0.84,0.82,0.84,0.84,277517.0
2004-06-30,0.82,0.84,0.82,0.82,0.82,158100.0
2004-06-29,0.82,0.83,0.81,0.82,0.82,233169.0
2004-06-28,0.84,0.84,0.82,0.82,0.82,173000.0
2004-06-25,0.84,0.88,0.83,0.84,0.84,718418.0
2004-06-24,0.83,0.84,0.82,0.84,0.84,165200.0
2004-06-23,0.85,0.85,0.82,0.84,0.84,223177.0
2004-06-22,0.82,0.86,0.82,0.85,0.85,421177.0
2004-06-21,0.79,0.81,0.79,0.8,0.8,72100.0
2004-06-18,0.79,0.8,0.78,0.79,0.79,134966.0
2004-06-17,0.8,0.8,0.79,0.79,0.79,98480.0
2004-06-16,0.81,0.81,0.79,0.8,0.8,148100.0
2004-06-15,0.81,0.81,0.8,0.8,0.8,92900.0
2004-06-14,0.82,0.82,0.8,0.8,0.8,115300.0
2004-06-11,0.83,0.84,0.82,0.82,0.82,331700.0
2004-06-10,0.84,0.85,0.82,0.83,0.83,194909.0
2004-06-09,0.86,0.86,0.82,0.83,0.83,286230.0
2004-06-08,0.86,0.86,0.85,0.86,0.86,143160.0
2004-06-07,0.88,0.88,0.85,0.86,0.86,159000.0
2004-06-04,0.87,0.88,0.87,0.88,0.88,165300.0
2004-06-03,0.87,0.87,0.87,0.87,0.87,123571.0
2004-06-02,0.88,0.88,0.86,0.87,0.87,247604.0
2004-06-01,0.86,0.9,0.86,0.89,0.89,553967.0
2004-05-31,0.85,0.86,0.85,0.86,0.86,297800.0
2004-05-28,0.84,0.86,0.84,0.86,0.86,163711.0
2004-05-27,0.82,0.85,0.82,0.84,0.84,118254.0
2004-05-26,0.82,0.83,0.82,0.83,0.83,115909.0
2004-05-25,0.82,0.83,0.81,0.82,0.82,257890.0
2004-05-24,0.82,0.83,0.82,0.82,0.82,317731.0
2004-05-21,0.92,0.92,0.83,0.83,0.83,667700.0
2004-05-19,0.92,0.93,0.92,0.92,0.92,232048.0
2004-05-18,0.91,0.92,0.91,0.92,0.92,174641.0
2004-05-17,0.92,0.94,0.91,0.92,0.92,242080.0
2004-05-14,0.92,0.92,0.91,0.92,0.92,183612.0
2004-05-13,0.93,0.93,0.91,0.92,0.92,216693.0
2004-05-12,0.92,0.93,0.92,0.93,0.93,428777.0
2004-05-11,0.9,0.93,0.9,0.92,0.92,283570.0
2004-05-10,0.91,0.91,0.9,0.9,0.9,183600.0
2004-04-30,0.89,0.91,0.89,0.91,0.91,339884.0
2004-04-29,0.92,0.92,0.89,0.89,0.89,341367.0
2004-04-28,0.92,0.92,0.9,0.91,0.91,466029.0
2004-04-27,0.95,0.95,0.91,0.91,0.91,426491.0
2004-04-26,0.94,0.95,0.94,0.95,0.95,434297.0
2004-04-23,0.95,0.95,0.94,0.94,0.94,558683.0
2004-04-22,0.94,0.98,0.92,0.95,0.95,2405017.0
2004-04-21,0.91,0.92,0.91,0.92,0.92,494114.0
2004-04-20,0.95,0.95,0.91,0.91,0.91,749857.0
2004-04-19,0.9,0.94,0.9,0.92,0.92,532845.0
2004-04-16,0.89,0.91,0.89,0.9,0.9,734444.0
2004-04-15,0.91,0.92,0.89,0.89,0.89,634489.0
2004-04-14,0.91,0.95,0.9,0.92,0.92,834324.0
2004-04-13,0.94,0.94,0.9,0.9,0.9,699475.0
2004-04-12,0.91,0.95,0.91,0.94,0.94,476345.0
2004-04-09,0.92,0.95,0.91,0.92,0.92,1081084.0
2004-04-08,0.91,0.93,0.9,0.93,0.93,927690.0
2004-04-07,0.9,0.91,0.89,0.9,0.9,470545.0
2004-04-06,0.9,0.9,0.88,0.9,0.9,397494.0
2004-04-05,0.87,0.91,0.87,0.9,0.9,794189.0
2004-04-02,0.84,0.89,0.84,0.87,0.87,797394.0
2004-04-01,0.82,0.84,0.82,0.84,0.84,1041823.0
2004-03-31,0.82,0.85,0.82,0.84,0.84,699042.0
2004-03-30,0.86,0.86,0.84,0.85,0.85,452009.0
2004-03-29,0.86,0.9,0.86,0.86,0.86,1092689.0
2004-03-26,0.86,0.87,0.84,0.86,0.86,843084.0
2004-03-25,0.85,0.87,0.85,0.86,0.86,510191.0
2004-03-24,0.83,0.87,0.82,0.85,0.85,1181842.0
2004-03-23,0.83,0.84,0.82,0.83,0.83,602730.0
2004-03-22,0.78,0.83,0.78,0.83,0.83,986625.0
2004-03-19,0.78,0.79,0.78,0.78,0.78,330323.0
2004-03-18,0.79,0.8,0.77,0.78,0.78,485065.0
2004-03-17,0.81,0.81,0.77,0.79,0.79,437292.0
2004-03-16,0.8,0.8,0.79,0.8,0.8,409077.0
2004-03-15,0.79,0.8,0.79,0.8,0.8,491532.0
2004-03-12,0.78,0.79,0.78,0.79,0.79,449552.0
2004-03-11,0.78,0.79,0.78,0.78,0.78,496600.0
2004-03-10,0.76,0.78,0.76,0.78,0.78,461180.0
2004-03-09,0.76,0.77,0.76,0.77,0.77,256275.0
2004-03-08,0.77,0.77,0.76,0.76,0.76,251503.0
2004-03-05,0.77,0.77,0.76,0.77,0.77,337202.0
2004-03-04,0.78,0.79,0.76,0.77,0.77,522065.0
2004-03-03,0.8,0.81,0.78,0.79,0.79,514693.0
2004-03-02,0.8,0.8,0.79,0.8,0.8,407342.0
2004-03-01,0.79,0.81,0.79,0.8,0.8,424187.0
2004-02-27,0.78,0.79,0.77,0.79,0.79,493174.0
2004-02-26,0.77,0.78,0.77,0.78,0.78,444481.0
2004-02-25,0.79,0.82,0.77,0.77,0.77,566400.0
2004-02-24,0.78,0.79,0.76,0.79,0.79,665708.0
2004-02-23,0.8,0.8,0.79,0.79,0.79,458482.0
2004-02-20,0.79,0.81,0.78,0.8,0.8,469952.0
2004-02-19,0.76,0.81,0.76,0.79,0.79,1102123.0
2004-02-18,0.76,0.76,0.74,0.76,0.76,756034.0
2004-02-17,0.75,0.76,0.75,0.75,0.75,578429.0
2004-02-16,0.71,0.76,0.71,0.75,0.75,1093622.0
2004-02-13,0.72,0.72,0.71,0.71,0.71,603621.0
2004-02-12,0.73,0.74,0.72,0.72,0.72,594676.0
2004-02-11,0.72,0.74,0.71,0.73,0.73,909653.0
2004-02-10,0.71,0.75,0.71,0.72,0.72,1029780.0
2004-02-06,0.71,0.72,0.7,0.7,0.7,543495.0
2004-02-05,0.69,0.73,0.69,0.72,0.72,1528551.0
2004-02-04,0.67,0.7,0.67,0.69,0.69,1211141.0
2004-02-03,0.65,0.67,0.65,0.67,0.67,907427.0
2004-02-02,0.66,0.67,0.65,0.65,0.65,640281.0
2004-01-30,0.67,0.67,0.64,0.64,0.64,330300.0
2004-01-29,0.66,0.67,0.66,0.67,0.67,285569.0
2004-01-16,0.65,0.67,0.65,0.66,0.66,259474.0
2004-01-15,0.65,0.66,0.64,0.65,0.65,365554.0
2004-01-14,0.66,0.66,0.65,0.65,0.65,417406.0
2004-01-13,0.67,0.68,0.66,0.66,0.66,516086.0
2004-01-12,0.66,0.68,0.66,0.68,0.68,460582.0
2004-01-09,0.69,0.69,0.65,0.66,0.66,1026480.0
2004-01-08,0.65,0.71,0.64,0.69,0.69,1449267.0
2004-01-07,0.63,0.66,0.63,0.65,0.65,936570.0
2004-01-06,0.62,0.63,0.62,0.63,0.63,709547.0
2004-01-05,0.62,0.62,0.61,0.62,0.62,608904.0
2004-01-02,0.61,0.63,0.61,0.61,0.61,607600.0
2003-12-31,0.6,0.62,0.6,0.61,0.61,590619.0
2003-12-30,0.59,0.61,0.59,0.61,0.61,592444.0
2003-12-29,0.59,0.59,0.58,0.59,0.59,284400.0
2003-12-26,0.57,0.6,0.57,0.59,0.59,643659.0
2003-12-25,0.56,0.58,0.56,0.57,0.57,380310.0
2003-12-24,0.56,0.56,0.56,0.56,0.56,170271.0
2003-12-23,0.57,0.57,0.56,0.56,0.56,248054.0
2003-12-22,0.56,0.57,0.54,0.56,0.56,244023.0
2003-12-19,0.58,0.58,0.55,0.56,0.56,404525.0
2003-12-18,0.59,0.59,0.57,0.58,0.58,199047.0
2003-12-17,0.59,0.6,0.59,0.59,0.59,174400.0
2003-12-16,0.61,0.61,0.59,0.59,0.59,248574.0
2003-12-15,0.6,0.61,0.6,0.61,0.61,433400.0
2003-12-12,0.6,0.61,0.6,0.61,0.61,227400.0
2003-12-11,0.61,0.62,0.6,0.6,0.6,367900.0
2003-12-10,0.6,0.61,0.6,0.61,0.61,487469.0
2003-12-09,0.59,0.61,0.59,0.61,0.61,490176.0
2003-12-08,0.59,0.59,0.59,0.59,0.59,306620.0
2003-12-05,0.59,0.59,0.58,0.59,0.59,271740.0
2003-12-04,0.59,0.6,0.58,0.59,0.59,404520.0
2003-12-03,0.6,0.61,0.59,0.59,0.59,346944.0
2003-12-02,0.6,0.61,0.6,0.6,0.6,629215.0
2003-11-28,0.59,0.61,0.59,0.6,0.6,428590.0
2003-11-27,0.6,0.6,0.57,0.59,0.59,388550.0
2003-11-26,0.59,0.6,0.59,0.6,0.6,452662.0
2003-11-25,0.58,0.6,0.57,0.59,0.59,525537.0
2003-11-24,0.56,0.6,0.56,0.59,0.59,259625.0
2003-11-21,0.58,0.58,0.56,0.57,0.57,455111.0
2003-11-20,0.56,0.58,0.56,0.58,0.58,581923.0
2003-11-19,0.54,0.56,0.54,0.56,0.56,131118.0
2003-11-18,0.56,0.56,0.55,0.55,0.55,134600.0
2003-11-17,0.6,0.6,0.56,0.57,0.57,497118.0
2003-11-14,0.55,0.55,0.54,0.55,0.55,116893.0
2003-11-13,0.55,0.56,0.54,0.55,0.55,252613.0
2003-11-12,0.56,0.56,0.54,0.55,0.55,162156.0
2003-11-11,0.56,0.56,0.55,0.56,0.56,125150.0
2003-11-10,0.57,0.57,0.55,0.56,0.56,284221.0
2003-11-07,0.59,0.59,0.54,0.57,0.57,774380.0
2003-11-06,0.61,0.61,0.58,0.58,0.58,504459.0
2003-11-05,0.62,0.62,0.61,0.61,0.61,250599.0
2003-11-04,0.61,0.63,0.61,0.62,0.62,524488.0
2003-11-03,0.61,0.61,0.6,0.61,0.61,238888.0
2003-10-31,0.6,0.62,0.6,0.61,0.61,278255.0
2003-10-30,0.6,0.61,0.6,0.6,0.6,161987.0
2003-10-29,0.61,0.62,0.6,0.6,0.6,538506.0
2003-10-28,0.6,0.63,0.6,0.61,0.61,335294.0
2003-10-27,0.64,0.64,0.61,0.62,0.62,875227.0
2003-10-24,0.64,0.65,0.64,0.64,0.64,547272.0
2003-10-23,0.64,0.65,0.64,0.64,0.64,592500.0
2003-10-22,0.63,0.66,0.63,0.64,0.64,2052403.0
2003-10-21,0.63,0.63,0.62,0.63,0.63,495656.0
2003-10-20,0.62,0.63,0.62,0.63,0.63,665974.0
2003-10-17,0.62,0.63,0.61,0.62,0.62,473862.0
2003-10-16,0.63,0.63,0.62,0.62,0.62,519676.0
2003-10-15,0.63,0.64,0.62,0.63,0.63,1185763.0
2003-10-14,0.62,0.63,0.62,0.62,0.62,636159.0
2003-10-13,0.62,0.65,0.62,0.62,0.62,1473947.0
2003-10-10,0.61,0.64,0.6,0.63,0.63,1947522.0
2003-10-09,0.6,0.61,0.59,0.61,0.61,1140014.0
2003-10-08,0.6,0.61,0.59,0.59,0.59,972361.0
2003-09-30,0.61,0.61,0.59,0.6,0.6,1990527.0
2003-09-29,0.62,0.63,0.61,0.61,0.61,1836307.0
2003-09-26,0.62,0.64,0.62,0.62,0.62,2210343.0
2003-09-25,0.66,0.66,0.63,0.63,0.63,6011811.0
2003-09-24,0.64,0.7,0.64,0.66,0.66,17280159.0
